14,7,0,418,4659,3941,641,4896,3481
15,10,0,1951,22843,8651,2508,23058,7879
20,1,-1,274,8718,755,766,3021,5960
20,5,-1,35,5960,1069,0,0,7064
6,10,0,379,5514,1077,0,6970,0
6,3,1,92,369,1159,108,1394,118
17,6,1,49,2658,1731,332,0,4106
14,9,1,342,3415,1820,406,3939,1232
21,4,0,201,345,4268,0,0,4814
21,8,0,323,1166,3030,0,0,4519
9,3,1,119,224,2800,224,1933,986
20,10,0,820,28762,4097,10180,2616,20883
16,7,0,295,4379,3046,649,2954,4117
14,2,0,40,3557,5377,0,0,8974
19,5,0,53,4216,1844,0,0,6113
16,10,0,1727,21443,7595,2330,18908,9527
14,10,-1,1496,15294,6443,1791,17762,3680
19,7,-2,27,1361,491,0,0,1879
8,10,-2,189,1861,818,0,2868,0
16,5,-2,8,950,882,124,0,1716
12,6,-2,106,902,1221,198,1327,704
15,4,-1,41,1952,2299,323,0,3969
15,2,-1,17,1942,2318,0,0,4277
11,10,-1,1036,4447,5423,0,10906,0
7,6,0,164,621,1063,0,1848,0
10,10,0,2493,7276,7228,0,16997,0
14,1,0,571,6121,2178,656,6829,1385
11,8,0,281,1281,3159,341,4011,369
13,8,0,555,5220,3930,732,6740,2233
11,4,0,165,300,3846,358,2272,1681
6,6,1,277,714,671,0,1662,0
20,8,0,79,8831,1482,0,0,10392
13,5,0,362,3705,5282,733,4375,4241
14,6,1,247,3035,3042,517,2962,2845
19,1,1,100,2214,428,226,1071,1445
21,10,0,1372,6080,7257,1111,0,13598
5,2,1,76,221,818,92,941,82
17,10,0,1455,19835,6275,2077,14831,10657
11,5,1,181,406,3233,311,2331,1178
12,5,1,303,2522,3914,508,3709,2522
16,4,1,32,2837,2508,0,0,5377
12,7,1,306,2762,2743,410,4087,1314
15,6,1,213,2949,2517,436,2189,3054
15,3,2,14,1363,1342,0,0,2719
12,10,2,645,6454,2587,674,9012,0
14,6,2,108,1451,1412,234,1412,1325
20,10,1,398,14619,2086,5234,1393,10476
21,4,1,90,168,2223,0,0,2481
21,5,0,221,555,4109,0,0,4885
9,5,0,138,479,2266,222,2198,463
18,4,1,31,2544,1302,0,0,3877
9,8,2,100,441,745,0,1286,0
16,5,2,29,1313,1085,209,0,2218
10,8,3,37,178,422,45,592,0
16,8,3,38,612,311,64,495,402
19,7,3,8,424,172,0,0,604
5,5,4,9,44,49,0,102,0
11,2,5,7,1,142,12,62,76
15,10,5,29,378,135,33,401,108
21,10,5,21,77,100,18,0,180
21,8,5,3,18,40,0,0,61
12,10,4,120,1213,438,105,1666,0
13,2,0,53,3146,6247,750,0,8696
16,2,0,30,4049,3615,0,0,7694
19,4,0,47,4182,1909,0,0,6138
16,3,1,24,2783,2386,0,0,5193
17,8,1,161,2395,1263,297,1490,2032
16,8,1,198,2840,1593,349,2188,2094
7,10,1,372,4591,1387,0,6350,0
13,3,2,67,1071,1897,970,250,1815
18,9,1,148,2425,863,255,1377,1804
13,7,1,298,2911,2776,489,3725,1771
21,10,1,706,3057,3798,608,0,6953
16,5,1,47,2882,2300,425,0,4804
19,7,2,15,1057,390,0,0,1462
16,7,2,83,1202,845,165,870,1095
17,9,2,74,1221,486,135,829,817
15,5,3,24,596,546,390,106,670
19,2,2,13,1187,544,0,0,1744
5,3,3,15,56,131,15,187,0
16,4,4,1,264,202,0,0,467
15,10,3,201,2468,828,219,2541,737
19,3,4,0,205,99,0,0,304
20,4,4,3,433,112,0,0,548
13,10,5,39,388,162,39,505,45
18,10,4,51,686,178,70,464,381
16,8,5,6,109,28,9,84,50
16,10,4,81,967,265,93,863,357
12,2,5,2,73,144,56,21,142
16,9,5,4,114,35,7,96,50
4,7,6,0,3,1,0,4,0
13,3,0,136,3165,5910,2822,681,5708
13,9,1,334,3531,2028,436,4628,829
16,9,1,218,3000,1351,363,2469,1737
18,9,0,273,4513,1688,483,2522,3469
15,2,0,41,3865,4407,0,0,8313
17,3,0,46,4158,3023,0,0,7227
20,7,0,68,8617,1539,0,0,10224
20,6,-1,57,6042,1035,0,0,7134
12,10,-1,1775,15824,7132,1896,22835,0
15,10,-1,1386,14641,5933,1708,14988,5264
13,5,-1,190,1783,2708,362,2129,2190
15,9,0,524,5275,2821,650,5383,2587
11,10,0,1746,8034,9593,0,19373,0
9,10,0,1280,8295,4852,0,14427,0
14,8,0,496,4862,3569,602,5556,2769
16,8,0,370,4881,2733,652,3652,3680
19,10,-1,727,13926,3256,1365,6756,9788
13,6,-1,220,1990,2412,359,2455,1808
15,6,0,335,4079,3725,618,3198,4323
12,3,-1,152,1324,3240,375,1741,2600
11,3,1,126,136,3551,305,1793,1715
15,3,1,30,2712,2939,0,0,5681
13,5,1,268,2708,3735,520,3187,3004
13,6,0,409,4135,5039,702,5200,3681
15,10,1,988,12073,4392,1331,12247,3875
6,10,1,254,3726,767,0,4747,0
11,1,2,217,586,541,0,1344,0
19,1,-1,195,3611,687,346,1687,2460
15,6,-1,158,2030,1981,296,1631,2242
10,3,0,129,131,3347,291,1930,1386
9,7,0,199,910,2365,270,3204,0
21,10,-1,1618,7247,8795,1340,0,16320
21,1,-1,680,1912,1807,1320,0,3079
16,4,-1,31,2049,1897,0,0,3977
13,4,0,313,3470,5680,752,3643,5068
18,6,-1,44,2499,1327,0,0,3870
17,6,-1,42,2455,1547,297,0,3747
10,6,-1,91,289,1411,135,1352,304
15,8,-1,222,2631,1886,383,2462,1894
10,10,-1,1377,4019,4082,0,9478,0
16,10,-1,1114,14253,5272,1569,12528,6542
18,10,-2,437,6771,1925,681,4117,4335
15,5,-1,87,2001,2114,1293,332,2577
14,6,-1,170,2012,2241,354,2021,2048
6,8,-1,46,522,225,0,793,0
10,7,0,224,873,3020,329,3430,358
19,2,1,26,2395,1121,0,0,3542
14,1,1,306,3217,1138,328,3649,684
10,1,1,246,1275,1039,0,2560,0
19,3,1,29,2431,1137,0,0,3597
20,6,1,25,4637,914,0,0,5576
13,8,1,349,3168,2382,445,4069,1385
12,4,0,366,3073,5893,702,4313,4317
17,6,0,85,4443,2814,566,0,6776
21,7,-1,208,695,2678,0,0,3581
18,1,-1,197,3767,895,383,2217,2259
16,3,0,27,4198,3581,0,0,7806
8,10,0,778,8072,3251,0,12101,0
13,7,0,476,4642,4581,719,5948,3032
20,10,-1,736,33875,4089,11620,3013,24067
18,10,-1,918,14670,4044,1517,8871,9244
6,10,-1,204,2876,600,0,3680,0
19,4,-1,25,2432,1060,0,0,3517
12,10,0,2708,24114,10649,2898,34573,0
19,7,0,68,4282,1578,0,0,5928
15,4,0,59,3941,4301,650,0,7651
12,2,0,116,2608,6131,2794,711,5350
20,7,-1,48,6811,1106,0,0,7965
13,10,-1,1592,15689,7000,1895,20517,1869
19,8,-2,29,1372,457,138,0,1720
13,4,-1,140,1700,2833,357,1755,2561
14,3,0,57,3593,5161,669,0,8142
20,2,-1,14,5986,1157,0,0,7157
16,3,-1,27,2132,1953,0,0,4112
20,9,-1,60,6936,1001,603,0,7394
5,4,2,57,165,279,0,501,0
7,10,2,194,2195,628,0,3017,0
7,8,0,202,1352,774,0,2328,0
18,10,0,1182,18722,5010,1863,11518,11533
13,9,0,637,5510,3422,726,7310,1533
9,9,0,510,1488,1548,0,3546,0
8,10,1,537,5419,2158,0,8114,0
16,1,1,216,2942,880,319,2481,1238
12,10,1,1572,13616,5823,1611,19400,0
18,7,1,39,2331,1090,276,0,3184
18,10,1,546,9073,2425,955,5604,5485
7,7,1,255,781,761,0,1797,0
13,2,1,37,2302,4512,524,0,6327
15,8,1,263,3008,1865,445,2743,1948
18,1,1,146,2307,528,232,1412,1337
11,4,2,58,127,1576,124,1001,636
17,1,1,193,2582,667,265,1889,1288
4,2,2,18,59,139,9,207,0
13,10,1,1399,13807,5705,1560,17716,1635
12,3,1,223,2018,4350,515,2537,3539
8,6,1,166,713,1820,214,2485,0
15,1,0,461,5815,2024,648,5808,1844
20,6,0,67,9082,1710,0,0,10859
15,1,-1,325,3857,1391,451,3848,1274
19,9,-1,135,2925,850,1144,290,2476
18,2,-1,24,2489,1413,0,0,3926
16,7,-1,162,2570,1861,345,1791,2457
10,2,0,113,28,3477,252,1725,1641
17,1,-1,265,3817,1099,398,2753,2030
17,3,-1,23,2362,1606,0,0,3991
19,7,-1,47,2943,1096,0,0,4086
18,5,-1,27,2548,1303,0,0,3878
20,1,-2,116,3877,374,340,1301,2726
19,10,-3,121,2904,651,298,1304,2074
7,4,-2,25,90,317,30,371,31
9,10,-2,335,2096,1233,0,3664,0
6,6,-2,42,141,132,0,315,0
14,3,-2,12,838,1231,149,0,1932
11,7,-1,120,498,1726,182,1777,385
20,10,-2,321,14654,1781,4852,1256,10648
18,9,-3,41,617,213,68,313,490
15,7,-3,45,521,427,76,413,504
12,8,-3,64,504,471,99,782,158
14,10,-3,297,2974,1456,402,3480,845
15,2,-2,7,923,1058,0,0,1988
19,1,-3,31,748,162,61,342,538
17,5,0,73,4296,2917,0,0,7286
13,7,-1,264,2596,2559,443,3352,1624
7,7,0,339,985,997,0,2321,0
19,3,-1,23,2433,1147,0,0,3603
21,2,-1,86,15,3105,0,0,3206
10,6,0,203,548,2932,273,2821,589
17,9,0,292,4778,1983,550,3161,3342
20,9,0,110,8574,1369,801,0,9252
13,1,0,673,6446,2541,748,8224,688
17,8,0,291,4454,2240,500,2719,3766
18,6,0,53,4433,2211,0,0,6697
19,3,0,40,4201,1916,0,0,6157
18,6,1,45,2655,1270,0,0,3970
17,7,0,225,4235,2567,2161,538,4328
9,10,1,839,5365,3137,0,9341,0
15,1,1,251,3234,993,342,3125,1011
15,2,1,24,2659,2963,0,0,5646
18,4,0,50,4300,2344,0,0,6694
21,10,-2,745,3051,3850,552,0,7094
15,10,-2,613,6910,2862,813,7012,2560
16,9,-2,123,1301,647,155,1087,829
20,8,-2,23,3272,501,0,0,3796
6,9,-2,20,268,106,0,394,0
20,4,0,50,8869,1812,0,0,10731
13,10,0,2660,25094,10761,2924,32617,2974
17,10,-1,1073,15092,4817,1596,11068,8318
12,7,0,504,4481,4687,757,6733,2182
15,3,0,38,3865,4381,0,0,8284
16,9,0,385,5084,2380,570,4278,3001
19,6,0,62,4434,1828,0,0,6324
14,10,0,2397,23633,9762,2791,27396,5605
5,10,0,219,4109,553,0,4881,0
11,1,0,702,2106,2074,0,4882,0
21,2,0,125,22,4679,0,0,4826
18,8,0,183,4375,1814,1905,517,3950
12,7,-1,300,2423,2684,428,3701,1278
16,9,-1,234,2942,1401,350,2455,1772
21,7,-2,103,383,1287,0,0,1773
12,8,-1,331,2719,2330,417,4100,863
13,9,-1,322,3138,1933,450,4060,883
11,9,0,317,1567,2786,353,4317,0
16,6,0,176,4059,3283,2313,587,4618
14,1,-1,393,3894,1482,461,4386,922
12,9,0,613,5695,3341,752,8177,720
11,5,0,213,508,3701,339,2736,1347
12,6,0,482,3789,5040,741,5722,2848
14,4,1,119,2457,3464,1860,448,3732
14,5,1,219,2768,3178,498,2416,3251
6,7,2,50,333,191,0,574,0
10,9,2,115,476,812,0,1403,0
20,5,2,12,2149,510,0,0,2671
19,8,1,44,2211,803,237,0,2821
13,4,2,131,1205,1839,280,1277,1618
18,10,2,272,4184,1115,446,2638,2487
18,8,1,120,2242,940,1061,235,2006
5,5,2,77,207,207,0,491,0
10,3,3,27,20,609,52,372,232
20,10,3,86,2716,379,1053,290,1838
13,10,3,287,2754,1066,298,3506,303
21,10,3,149,557,691,117,0,1280
14,6,3,47,596,595,89,603,546
6,2,1,90,266,1313,123,1305,241
11,10,1,1066,4944,5919,0,11929,0
10,10,1,1583,4427,4416,0,10426,0
18,1,0,306,4785,1113,497,2879,2828
10,5,0,162,430,3101,269,2546,878
20,2,0,39,8750,1886,0,0,10675
17,4,1,42,2693,1746,0,0,4481
19,10,1,476,8489,1817,856,4232,5694
15,7,1,206,2909,2040,397,2414,2344
10,9,1,271,971,1703,0,2945,0
4,6,2,12,172,62,0,246,0
20,9,1,52,4171,742,422,0,4543
13,10,2,646,6495,2635,658,8347,771
14,10,1,1213,12911,5127,1430,14988,2833
15,7,0,365,4565,3646,661,4016,3899
21,5,-2,82,153,1243,0,0,1478
15,1,-2,172,1689,660,209,1751,561
13,6,-2,104,878,1151,180,1091,862
12,9,-2,150,1379,878,199,2024,184
15,6,-2,61,928,947,166,671,1099
10,8,-2,62,239,661,86,876,0
11,6,1,209,581,3001,291,2643,857
17,10,-2,479,6996,2352,723,5146,3958
17,2,-2,5,1122,797,0,0,1924
7,8,-2,37,265,167,0,469,0
14,5,-2,66,881,1119,161,719,1186
13,10,-2,834,7277,3411,916,9665,941
9,2,-1,62,49,1397,126,790,592
14,1,-2,163,1830,714,210,2087,410
18,4,-1,27,2530,1370,0,0,3927
15,7,-1,186,2525,2150,381,2111,2369
21,2,-2,38,8,1479,0,0,1525
18,1,-2,122,1696,445,168,972,1123
20,7,-3,9,1486,200,0,0,1695
14,3,-3,4,324,572,69,0,831
14,5,-3,30,362,503,78,334,483
11,1,-3,66,235,217,0,518,0
11,10,-3,214,906,1104,0,2224,0
12,4,-2,66,732,1404,171,981,1050
17,2,-3,3,468,309,0,0,780
17,3,-3,9,485,310,0,0,804
18,1,-5,9,113,28,14,69,67
15,7,-5,3,73,59,8,59,68
14,4,0,166,3668,4943,2728,650,5399
21,7,0,250,970,3366,0,0,4586
9,2,0,101,109,2755,232,1576,1157
16,2,1,37,2740,2583,0,0,5360
14,7,1,248,2755,2461,409,2990,2065
6,1,1,48,908,216,0,1172,0
9,1,-1,144,1078,679,0,1901,0
21,6,-1,172,497,2553,0,0,3222
16,5,-1,32,2164,1800,299,0,3697
11,2,0,151,21,4254,305,1711,2410
20,4,-1,31,5830,1190,0,0,7051
18,9,-1,167,3133,1129,340,1626,2463
11,8,-1,148,664,1567,208,1975,196
14,6,0,386,4188,4252,696,4030,4100
19,5,-1,28,2503,1042,0,0,3573
19,8,0,96,4374,1533,443,0,5560
8,2,0,117,174,1944,150,1419,666
20,3,-1,30,6019,1111,0,0,7160
11,2,-1,51,12,2045,170,815,1123
21,5,-1,158,319,2725,0,0,3202
12,2,-1,59,1281,3303,1400,374,2869
8,10,-1,383,3971,1559,0,5913,0
12,3,0,277,2753,6138,711,3523,4934
17,7,-1,91,2835,1648,1378,345,2851
14,9,-1,297,3073,1859,413,3547,1269
10,9,0,360,1396,2248,0,4004,0
4,10,0,76,2097,167,0,2340,0
13,4,1,243,2617,3985,570,2705,3570
12,5,2,126,1271,1750,252,1757,1138
19,3,2,16,1111,500,0,0,1627
11,5,2,79,187,1456,143,1058,521
12,4,1,255,2311,4157,546,3096,3081
20,8,1,44,4064,748,0,0,4856
19,1,0,240,4598,866,432,2246,3026
14,2,1,13,2626,3666,0,0,6305
15,9,1,273,3171,1503,393,3066,1488
8,1,2,55,659,227,0,941,0
11,3,2,68,56,1624,134,835,779
7,5,3,22,115,295,29,403,0
18,9,2,77,1110,362,125,644,780
14,3,-1,20,1871,2650,325,0,4216
17,2,-1,15,2372,1606,0,0,3993
7,3,1,116,346,1767,174,1714,341
20,1,1,150,3781,414,351,1402,2592
21,1,0,559,1542,1549,1128,0,2522
11,8,1,233,900,2089,213,2787,222
12,8,1,334,3239,2340,461,4585,867
13,5,2,107,1374,1783,257,1536,1471
18,2,2,6,1160,667,0,0,1833
9,2,2,45,45,1276,93,772,501
20,3,2,9,2166,534,0,0,2709
21,6,2,66,175,870,0,0,1111
12,9,2,181,1690,957,197,2426,205
19,10,2,238,3793,863,334,1973,2587
12,7,2,158,1341,1263,193,1982,587
8,4,3,25,80,399,26,398,80
20,10,2,246,6738,922,2558,647,4701
13,7,2,150,1463,1213,202,1827,797
14,8,2,123,1442,965,187,1609,734
17,8,2,76,1196,573,142,709,994
18,3,0,50,4258,2383,0,0,6691
7,4,1,132,499,1611,174,1896,172
16,1,0,448,5759,1697,622,4913,2369
10,4,1,145,228,3099,288,2146,1038
6,1,-1,51,731,119,0,901,0
21,6,-2,80,215,1163,0,0,1458
14,10,-2,708,6947,3183,838,8208,1792
18,1,-3,42,803,189,84,467,483
17,6,-3,8,467,305,61,0,719
12,10,-3,386,3077,1497,407,4553,0
8,2,-2,25,36,474,42,337,156
16,7,-3,33,498,354,69,305,511
18,3,-3,3,485,299,0,0,787
16,3,-2,15,957,900,0,0,1872
15,10,-3,296,2990,1245,357,3128,1046
18,1,-4,22,348,73,36,185,222
11,2,-3,7,1,384,26,163,203
17,8,-3,38,588,320,54,335,557
16,10,1,915,11266,3826,1185,10023,4799
9,9,-1,250,735,705,0,1690,0
19,2,-1,24,2391,1136,0,0,3551
19,1,-2,86,1682,328,177,800,1119
14,8,-2,116,1219,979,175,1403,736
6,1,-2,27,335,61,0,423,0
18,7,-2,42,1355,693,143,0,1947
10,3,-1,75,69,1625,124,961,684
18,2,-2,5,1107,657,0,0,1769
9,3,0,124,210,2656,223,1880,887
16,6,1,128,2872,2159,1606,414,3139
12,2,2,34,942,2122,976,253,1869
20,7,1,36,4265,832,0,0,5133
12,9,-1,350,3039,2029,451,4533,434
12,8,0,610,4934,4090,739,7407,1488
18,8,-1,108,2840,1220,1252,311,2605
9,10,-3,133,899,575,0,1607,0
14,1,-3,63,793,281,101,882,154
14,9,-2,111,1355,828,185,1538,571
17,5,-2,6,1115,728,0,0,1849
20,10,-3,136,6620,749,2225,539,4741
20,3,-3,3,1203,239,0,0,1445
11,4,-2,40,67,854,78,500,383
12,5,-2,84,753,1313,153,1105,892
10,4,-1,55,120,1615,144,1071,575
7,10,-1,311,3551,997,0,4859,0
9,10,-1,685,4435,2740,0,7860,0
9,4,0,137,353,2552,229,2126,687
12,6,1,294,2911,3620,458,4243,2124
19,7,1,30,2207,839,0,0,3076
16,7,1,180,2539,1745,350,1774,2340
12,4,-1,182,1520,3013,355,2194,2166
17,5,-1,40,2415,1639,0,0,4094
21,9,-2,128,587,980,0,0,1695
5,2,-1,39,108,326,40,408,25
8,1,1,134,1325,543,0,2002,0
19,10,0,991,17793,3967,1648,8723,12380
13,6,1,334,3045,3467,528,3772,2546
15,5,1,118,2706,2764,1791,426,3371
14,2,-1,15,1716,2616,0,0,4347
13,1,-1,430,4096,1690,454,5319,443
14,5,-1,147,1903,2437,341,1681,2465
11,9,-1,154,829,1440,184,2239,0
6,3,-1,35,141,497,51,558,64
8,1,-1,103,983,450,0,1536,0
18,2,0,35,4134,2395,0,0,6564
12,1,0,718,6382,2452,696,8856,0
21,8,-1,251,981,2410,0,0,3642
5,10,-1,105,2131,265,0,2501,0
20,5,-2,12,2838,484,0,0,3334
7,6,-1,84,330,573,0,987,0
16,8,-1,193,2713,1567,343,2046,2084
11,8,-3,30,127,304,37,382,42
21,2,-3,10,1,590,0,0,601
17,4,-4,1,221,143,0,0,365
12,10,-4,145,1280,716,199,1942,0
12,9,-4,37,230,189,40,374,42
14,5,-4,8,164,218,40,129,221
8,3,0,112,230,1986,192,1580,556
10,3,1,129,128,3294,273,1961,1317
8,5,1,154,577,2020,210,2329,212
13,1,2,164,1680,554,177,2049,172
9,7,1,176,717,1744,199,2438,0
7,5,2,45,271,590,71,835,0
21,10,2,341,1488,1724,259,0,3294
17,1,0,352,5190,1366,499,3751,2658
10,7,1,168,583,2102,246,2384,223
8,2,1,123,199,2502,194,1789,841
18,3,1,23,2501,1385,0,0,3909
21,6,1,138,421,1901,0,0,2460
14,5,2,97,1275,1468,212,1117,1511
12,6,3,60,586,699,103,845,397
18,8,2,48,1094,458,527,114,959
10,1,3,51,305,221,0,577,0
13,4,3,47,545,823,106,591,718
17,9,-2,80,1448,627,165,955,1035
4,4,-2,15,47,51,0,113,0
13,7,-2,131,1188,1230,213,1455,881
15,9,-1,240,2970,1583,353,2907,1533
9,5,-1,80,216,1091,128,1051,208
13,10,-3,343,3090,1486,403,4120,396
12,7,-2,133,1092,1225,210,1622,618
10,9,-3,30,129,222,0,381,0
11,10,-2,468,2097,2483,0,5048,0
5,5,-1,61,195,199,0,455,0
12,10,-2,820,7113,3278,889,10322,0
15,3,-4,2,163,214,0,0,379
15,4,-3,6,359,441,66,0,740
13,8,-3,61,553,501,99,738,278
15,4,1,35,2792,2918,425,0,5320
10,5,2,77,177,1269,108,1085,330
12,4,2,122,1116,1919,243,1519,1395
20,9,2,25,1902,343,190,0,2080
21,1,1,265,731,795,539,0,1252
10,10,2,713,2065,2048,0,4826,0
18,1,2,59,1068,249,98,668,610
9,4,1,141,377,2646,221,2233,710
7,4,2,57,189,679,62,795,68
18,5,2,16,1265,623,0,0,1904
14,2,3,6,548,686,0,0,1240
15,10,2,462,5742,2005,599,5764,1846
13,2,2,28,1066,2014,253,0,2855
19,5,3,8,482,241,0,0,731
13,7,3,49,611,549,83,763,363
8,6,4,15,61,163,12,227,0
13,6,5,14,112,97,9,145,69
13,5,5,10,86,104,15,89,96
6,9,5,3,29,7,0,39,0
12,10,5,38,442,168,37,611,0
20,10,5,12,433,70,167,47,301
13,10,4,138,1261,474,139,1607,127
21,6,0,237,758,3750,0,0,4745
20,3,0,35,8733,1916,0,0,10684
9,1,0,234,2146,1256,0,3636,0
12,9,1,405,3393,2060,457,4969,432
17,8,-1,141,2906,1501,320,1752,2476
17,1,-2,151,1725,512,185,1290,913
8,6,-1,72,329,737,95,1043,0
14,5,0,304,3733,4696,657,3324,4752
12,1,1,402,3485,1340,419,4808,0
9,10,2,383,2460,1430,0,4273,0
18,7,2,25,1096,428,133,0,1416
10,1,2,122,650,455,0,1227,0
9,3,-1,59,108,1285,108,882,462
10,4,0,149,243,3131,311,2190,1022
19,6,1,30,2533,1023,0,0,3586
13,3,1,122,2400,4167,2084,540,4065
14,3,1,38,2615,3571,514,0,5710
17,5,1,42,2639,1810,0,0,4491
7,2,2,36,105,829,73,699,198
17,7,1,99,2307,1329,1217,269,2249
18,5,1,30,2525,1296,0,0,3851
18,7,0,76,4329,2055,509,0,5951
16,8,-2,88,1265,743,159,933,1004
11,9,-3,32,155,295,33,449,0
20,1,-3,50,1712,177,166,520,1253
20,5,-4,1,533,84,0,0,618
15,10,-4,122,1312,620,158,1356,540
9,2,-3,10,15,282,26,154,127
9,7,-3,20,74,218,28,284,0
16,2,-2,4,959,890,0,0,1853
12,8,-2,160,1222,1077,209,1852,398
13,3,-1,88,1539,2980,1329,318,2960
8,7,1,206,736,1258,0,2200,0
12,3,2,109,1012,2093,259,1276,1679
15,5,-2,40,847,992,554,129,1196
19,6,-2,10,1195,452,0,0,1657
9,8,-2,65,294,432,0,791,0
18,4,-2,11,1081,634,0,0,1726
13,4,-2,65,735,1359,178,778,1203
16,1,-2,136,1728,592,218,1459,779
21,8,-3,55,216,515,0,0,786
12,7,-3,76,482,544,93,746,263
13,10,-4,148,1313,666,199,1760,168
9,9,-3,40,138,144,0,322,0
20,7,-4,4,617,83,0,0,704
15,2,-4,1,158,210,0,0,369
9,4,-2,22,78,582,39,475,168
18,3,-2,11,1094,664,0,0,1769
18,7,-3,5,577,289,58,0,813
18,2,-3,4,480,284,0,0,768
6,5,0,108,475,741,0,1324,0
16,4,0,54,4095,3626,0,0,7775
7,9,0,154,1526,640,0,2320,0
13,2,-2,12,745,1471,164,0,2064
17,6,-2,22,1135,685,132,0,1710
21,8,-2,136,480,1107,0,0,1723
18,5,-2,9,1133,600,0,0,1742
10,9,-1,179,692,1168,0,2039,0
8,9,0,264,1624,925,0,2813,0
21,5,-3,35,62,574,0,0,671
12,2,1,60,2031,4650,2104,513,4124
20,2,1,24,4575,1056,0,0,5655
9,9,1,375,1151,1099,0,2625,0
9,1,2,76,625,378,0,1079,0
19,4,1,27,2438,1083,0,0,3548
13,1,1,354,3569,1376,403,4485,411
21,2,1,72,8,2459,0,0,2539
17,2,1,30,2587,1947,0,0,4564
17,3,1,25,2610,1839,0,0,4474
20,7,2,21,1842,379,0,0,2242
14,2,2,13,1169,1671,0,0,2853
20,2,2,10,2039,500,0,0,2549
18,3,2,8,1171,652,0,0,1831
15,2,3,2,535,599,0,0,1136
8,7,0,278,905,1573,0,2756,0
14,8,-1,260,2717,2064,431,3033,1577
9,8,1,246,935,1496,0,2677,0
20,1,0,282,7593,822,722,2650,5325
21,5,1,115,285,2122,0,0,2522
20,4,-2,17,2728,492,0,0,3237
20,7,-2,21,3354,524,0,0,3899
7,4,0,126,421,1359,147,1620,139
7,10,0,617,6937,2019,0,9573,0
19,2,0,39,4084,1992,0,0,6115
6,10,-2,91,1359,282,0,1732,0
17,10,-3,225,3089,1062,345,2241,1790
12,1,-3,80,770,361,83,1128,0
18,4,-4,2,203,121,0,0,326
13,3,-2,39,700,1410,670,131,1348
18,10,-3,168,3067,887,297,1750,2075
6,5,-3,7,36,77,0,120,0
14,7,-2,118,1160,1071,151,1242,956
10,6,-2,52,129,602,59,589,135
10,10,-2,581,1881,1893,0,4355,0
17,4,-2,6,1104,769,0,0,1879
14,4,-1,87,1832,2486,1325,327,2753
21,4,-2,59,103,1269,0,0,1431
16,10,-3,250,2813,1129,352,2500,1340
11,6,0,243,753,3355,345,3041,965
12,5,0,368,3441,5433,724,4941,3577
21,3,0,191,156,4503,0,0,4850
12,7,3,59,599,517,91,842,242
21,2,3,18,1,504,0,0,523
20,5,0,61,8885,1774,0,0,10720
5,8,1,63,724,195,0,982,0
20,3,1,21,4597,1065,0,0,5683
8,5,0,144,482,1720,182,1990,174
7,2,1,92,259,1840,153,1549,489
18,4,2,10,1198,637,0,0,1845
14,3,2,15,1208,1670,246,0,2647
20,4,1,32,4536,1048,0,0,5616
14,9,2,129,1615,784,187,1776,565
14,1,2,150,1527,547,179,1706,339
15,6,2,95,1382,1186,219,1023,1421
16,10,2,367,5255,1707,493,4678,2158
21,7,2,62,208,775,0,0,1045
12,1,-1,460,4108,1709,438,5839,0
7,5,0,131,519,1214,139,1725,0
16,10,-2,541,6534,2494,731,5780,3058
15,7,-2,96,1155,986,165,990,1082
12,5,-1,192,1710,2843,389,2531,1825
18,9,-2,93,1415,515,152,769,1102
20,10,-4,51,2955,354,896,232,2232
14,10,-5,57,419,216,63,506,123
15,10,-5,47,405,233,56,470,159
19,9,-5,2,87,23,34,5,73
21,9,-1,237,1233,2097,0,0,3567
6,4,-1,58,199,439,54,642,0
12,1,-2,214,1896,776,197,2689,0
13,5,-2,102,833,1185,154,944,1022
15,8,-2,104,1281,832,167,1136,914
20,10,-5,20,1083,139,331,88,823
16,5,-4,4,159,153,24,0,292
17,10,-5,39,463,169,50,318,303
5,10,-5,5,69,9,0,83,0
9,8,-6,2,2,11,0,15,0
17,4,-6,0,24,23,0,0,47
11,1,1,410,1302,1234,0,2946,0
7,9,2,57,566,231,0,854,0
12,6,2,188,1391,1630,216,2011,982
19,4,2,14,1203,471,0,0,1688
17,10,2,329,4640,1369,507,3528,2303
5,10,2,62,1273,173,0,1508,0
8,5,3,25,122,381,34,465,29
15,6,3,53,633,468,76,481,597
9,8,4,17,87,138,0,242,0
13,4,4,19,234,344,51,249,297
11,7,4,23,55,207,16,232,37
14,6,4,26,292,287,62,317,226
13,3,4,15,230,360,195,55,355
14,10,4,80,1097,384,99,1234,228
14,4,5,6,84,111,69,16,116
12,1,5,15,107,33,11,144,0
19,8,5,3,68,30,9,0,92
8,10,5,15,187,68,0,270,0
10,4,5,5,10,101,9,73,34
19,6,5,2,94,30,0,0,126
15,10,6,10,143,34,16,140,31
9,1,5,6,37,28,0,71,0
9,6,2,79,318,1017,93,1213,108
10,8,2,95,367,954,108,1308,0
16,4,2,16,1266,1091,0,0,2373
17,10,1,660,10010,3086,1058,7597,5101
13,8,2,169,1504,1117,200,1944,646
20,4,2,9,2099,497,0,0,2605
14,8,3,55,642,416,80,706,327
6,7,4,19,87,41,0,147,0
16,7,3,31,529,362,73,386,463
10,10,4,147,391,361,0,899,0
16,10,3,170,2356,649,201,2108,866
12,2,4,6,209,405,206,58,356
20,9,4,3,364,54,31,0,390
18,6,4,2,223,117,0,0,342
20,1,3,29,651,81,61,247,453
9,5,3,37,91,507,47,493,95
9,3,4,13,25,270,23,204,81
5,5,1,188,515,467,0,1170,0
10,8,0,254,1076,2694,334,3690,0
8,4,0,117,335,1836,165,1753,370
15,5,0,163,3940,4008,2435,676,5000
11,7,0,297,994,3423,382,3604,728
19,9,0,205,4230,1302,1761,437,3539
10,7,-2,51,214,712,70,816,91
14,7,-3,40,460,472,73,488,411
21,3,-4,9,8,261,0,0,278
11,10,-4,93,352,453,0,898,0
15,8,-4,22,242,188,37,219,196
14,3,-4,0,139,240,25,0,354
13,9,-5,9,101,61,16,137,18
20,10,-6,1,391,48,95,29,316
21,6,-6,0,4,19,0,0,23
17,1,-6,2,54,10,6,36,24
14,10,-6,13,161,80,21,192,41
12,7,-6,0,23,31,3,38,13
6,9,-5,0,19,6,0,25,0
21,3,-7,0,0,11,0,0,11
15,9,-7,0,7,8,1,7,7
10,6,1,204,549,2702,270,2687,498
18,5,0,62,4353,2256,0,0,6671
20,8,-1,60,6973,1081,0,0,8114
15,3,-2,9,907,1074,0,0,1990
9,3,-2,34,57,595,56,409,221
21,3,-1,106,120,2938,0,0,3164
8,1,0,191,2027,788,0,3006,0
19,10,-2,326,6658,1471,629,3044,4782
13,1,-2,202,1856,815,230,2429,214
15,8,-3,51,542,411,75,519,410
7,1,-2,35,419,110,0,564,0
8,7,-2,59,225,347,0,631,0
7,7,-2,64,225,211,0,500,0
20,5,-3,3,1215,210,0,0,1428
19,10,-4,53,1293,264,109,559,942
13,8,-4,30,208,186,27,288,109
15,7,-4,16,210,206,32,179,221
8,3,-3,19,27,188,11,163,60
5,9,-2,14,229,34,0,277,0
17,7,-4,12,223,149,91,33,260
18,9,-4,15,294,96,44,154,207
12,9,-5,14,77,59,9,132,9
14,4,-5,1,44,72,31,9,77
11,4,-4,7,10,137,9,66,79
20,8,-5,3,228,33,0,0,264
8,6,0,146,592,1563,166,2135,0
15,3,-1,24,2011,2267,0,0,4302
10,5,1,149,373,2949,263,2438,770
18,2,1,24,2483,1371,0,0,3878
19,9,1,108,2222,688,917,231,1870
7,7,2,139,359,354,0,852,0
14,3,3,5,564,710,101,0,1178
13,5,3,62,597,765,113,702,609
11,10,3,236,993,1133,0,2362,0
19,10,3,106,1680,338,173,890,1061
18,7,3,12,485,211,50,0,658
12,10,3,283,2763,1117,295,3868,0
20,5,3,7,935,226,0,0,1168
13,8,3,62,665,467,88,872,234
9,10,3,175,1038,623,0,1836,0
16,6,2,57,1338,1065,772,204,1484
17,6,3,10,549,352,81,0,830
19,5,2,17,1205,455,0,0,1677
15,8,0,416,4808,3124,650,4463,3235
13,8,-2,155,1301,1072,206,1743,579
19,4,-2,8,1065,498,0,0,1571
18,3,-1,24,2403,1439,0,0,3866
9,8,0,300,1240,1960,0,3500,0
5,10,1,155,2711,370,0,3236,0
21,4,-1,113,231,2861,0,0,3205
9,4,-1,64,166,1239,120,1002,347
19,3,-2,11,1124,498,0,0,1633
20,6,-2,10,2878,448,0,0,3336
19,5,-3,7,466,204,0,0,677
14,2,-2,14,790,1262,0,0,2066
11,9,1,233,1130,1982,252,3093,0
13,6,2,118,1473,1527,242,1744,1132
15,4,4,4,257,259,45,0,475
10,5,4,15,39,261,24,229,62
17,10,4,48,836,234,82,664,372
11,4,4,10,26,328,29,206,129
14,7,4,21,236,195,27,265,160
16,10,5,25,381,104,43,344,123
12,8,5,12,103,80,11,151,33
13,1,5,12,110,31,12,133,8
11,10,6,10,46,58,0,114,0
5,9,0,53,936,163,0,1152,0
10,1,-2,88,574,449,0,1111,0
7,5,1,139,616,1549,178,2126,0
14,6,-2,82,913,1054,158,908,983
9,6,0,181,612,2092,203,2443,239
9,5,1,169,474,2480,220,2450,453
9,7,2,70,293,809,81,1091,0
11,6,-1,111,310,1673,150,1440,504
7,8,-1,110,593,368,0,1071,0
10,4,2,83,120,1367,121,1030,419
6,10,2,106,1770,345,0,2221,0
15,4,2,26,1335,1309,198,0,2472
11,10,2,525,2217,2778,0,5520,0
12,1,2,141,1678,639,201,2257,0
11,4,1,154,283,3461,319,2160,1419
14,4,2,63,1226,1655,945,218,1781
15,2,2,18,1228,1397,0,0,2643
14,8,1,305,3076,2099,424,3371,1685
15,7,2,100,1297,925,187,1112,1023
14,10,2,556,5933,2154,585,6810,1248
20,2,3,2,905,211,0,0,1118
16,5,0,85,4203,3502,609,0,7181
8,8,0,411,1144,1186,0,2741,0
11,1,-1,385,1211,1225,0,2821,0
19,5,-2,11,1165,483,0,0,1659
20,9,-2,32,3175,444,284,0,3367
7,3,-1,56,138,745,82,709,148
8,5,-2,26,121,409,46,465,45
21,8,2,65,298,677,0,0,1040
7,4,3,33,96,307,29,377,30
9,6,1,206,695,2331,239,2758,235
5,5,0,130,377,393,0,900,0
15,9,-3,38,583,320,69,586,286
18,7,-1,56,2937,1346,338,0,4001
7,3,0,82,272,1463,149,1391,277
21,9,1,160,722,1279,0,0,2161
15,9,2,113,1529,751,157,1477,759
4,7,0,28,373,111,0,512,0
8,9,-1,113,772,452,0,1337,0
10,8,1,174,783,2015,232,2740,0
10,7,2,68,325,1011,110,1208,86
17,9,1,179,2580,1074,283,1769,1781
7,8,2,69,505,252,0,826,0
15,1,3,55,622,198,45,621,209
11,9,3,42,246,389,41,636,0
11,8,3,48,195,462,54,606,45
18,10,3,103,1718,415,177,1136,923
19,2,3,4,476,240,0,0,720
4,1,3,2,76,6,0,84,0
12,1,3,59,712,230,71,930,0
14,10,3,242,2598,934,274,2951,549
18,4,3,5,514,250,0,0,769
7,8,4,12,98,58,0,168,0
20,3,3,6,907,230,0,0,1143
12,6,-1,253,1910,2514,345,2857,1475
20,3,-2,7,2729,528,0,0,3264
10,7,-1,100,445,1419,183,1620,161
19,8,-1,57,2819,965,281,0,3560
6,2,-1,37,121,541,52,540,107
16,1,-1,276,3764,1163,393,3206,1604
13,8,-1,341,2817,2300,424,3768,1266
11,3,0,141,169,4000,346,2013,1951
17,4,-1,29,2340,1603,0,0,3972
14,7,-1,236,2567,2231,333,2709,1992
7,1,-3,19,182,59,0,260,0
12,9,-3,67,591,374,75,886,71
15,3,-3,1,366,489,0,0,856
21,10,-3,298,1440,1599,263,0,3074
17,3,-4,1,189,145,0,0,335
17,5,-4,4,200,132,0,0,336
9,1,-4,14,93,48,0,155,0
13,4,-4,11,121,259,33,132,226
16,2,-1,16,2138,1961,0,0,4115
7,1,1,101,1234,342,0,1677,0
7,9,1,113,1196,504,0,1813,0
7,8,1,178,1041,618,0,1837,0
9,6,3,25,115,440,41,489,50
19,6,4,5,200,70,0,0,275
15,6,4,33,279,227,46,235,258
15,8,4,19,271,163,42,261,150
19,5,4,2,206,84,0,0,292
15,1,5,10,93,27,10,84,36
19,10,5,18,229,59,24,133,149
10,10,5,62,132,115,0,309,0
16,7,6,3,39,15,6,24,27
17,10,5,20,261,82,30,212,121
14,10,5,38,411,119,33,465,70
7,6,6,1,8,12,0,21,0
8,8,1,333,941,1023,0,2297,0
21,1,2,116,350,340,268,0,538
19,5,1,40,2534,1091,0,0,3665
11,7,-2,71,248,750,83,818,168
14,10,-4,147,1257,613,180,1541,296
5,8,-3,4,71,24,0,99,0
6,8,-2,20,257,110,0,387,0
17,7,-2,54,1187,734,590,149,1236
6,3,-2,15,78,218,24,269,18
7,5,-1,64,258,562,69,815,0
13,9,-2,149,1418,879,171,1886,389
18,6,-2,15,1144,615,0,0,1774
9,4,-3,18,35,223,17,188,71
21,6,-3,31,86,521,0,0,638
11,3,-3,12,12,385,28,175,206
17,1,-4,18,344,87,37,237,175
11,6,-4,7,23,158,13,128,47
17,4,-3,10,500,308,0,0,818
21,1,-4,38,159,167,98,0,266
14,1,-4,32,307,155,39,375,80
9,2,1,120,106,2928,237,1702,1215
9,1,1,176,1369,823,0,2368,0
20,5,1,37,4585,1009,0,0,5631
17,4,0,52,4225,2979,0,0,7256
5,3,1,65,273,742,88,992,0
16,3,3,5,546,498,0,0,1049
21,3,1,80,81,2295,0,0,2456
14,7,3,49,606,474,100,630,399
20,1,2,78,1703,170,133,667,1151
16,9,2,112,1417,581,167,1187,756
18,9,3,20,485,150,49,274,332
9,7,4,15,56,167,18,220,0
11,8,4,15,80,201,14,249,33
11,9,2,118,536,917,137,1434,0
10,6,2,85,248,1267,127,1235,238
16,5,3,10,577,486,92,0,981
11,5,4,20,41,264,25,217,83
15,1,4,17,267,79,27,240,96
9,7,3,30,134,345,42,467,0
11,9,4,19,114,170,16,287,0
12,8,3,60,631,456,82,897,168
5,6,-1,35,241,161,0,437,0
5,7,0,74,780,308,0,1162,0
5,1,-1,30,551,69,0,650,0
10,2,1,90,17,3391,264,1652,1582
12,9,3,72,723,398,78,1040,75
8,10,3,128,1065,447,0,1640,0
9,4,3,32,70,543,54,453,138
17,10,3,117,1994,560,189,1519,963
12,6,4,33,240,311,44,363,177
20,7,4,3,365,75,0,0,443
17,7,4,10,192,109,96,24,191
13,8,4,23,291,182,52,347,97
11,3,-1,71,71,1982,180,928,1016
5,2,0,53,175,631,64,728,67
8,4,-2,31,75,432,43,410,85
21,9,2,68,332,560,0,0,960
20,6,2,10,2197,482,0,0,2689
9,3,2,51,91,1238,107,857,416
16,3,2,11,1297,1119,0,0,2427
15,7,3,45,549,394,60,502,426
16,4,3,8,557,471,0,0,1036
21,5,2,55,147,1000,0,0,1202
16,8,2,75,1328,671,148,996,930
7,1,0,133,1729,516,0,2378,0
6,9,0,94,1279,336,0,1709,0
5,7,1,49,613,258,0,920,0
21,4,2,57,92,1039,0,0,1188
21,3,2,48,47,1055,0,0,1150
17,4,2,16,1228,842,0,0,2086
12,2,3,13,457,842,425,98,789
10,10,3,348,886,885,0,2119,0
5,1,0,57,1031,140,0,1228,0
4,2,1,37,106,332,37,438,0
15,8,2,112,1366,816,166,1262,866
16,2,2,17,1307,1150,0,0,2474
9,5,2,73,213,1117,105,1076,222
12,3,3,37,508,844,111,580,698
11,1,3,86,236,282,0,604,0
7,1,2,38,550,145,0,733,0
11,5,3,33,98,654,57,477,251
10,1,-1,204,1165,935,0,2304,0
9,8,-1,150,568,941,0,1659,0
7,6,1,177,743,1316,0,2236,0
13,9,2,190,1681,924,184,2169,442
8,8,2,142,444,411,0,997,0
6,1,2,27,436,89,0,552,0
6,2,2,31,100,561,48,531,113
6,8,2,44,401,154,0,599,0
9,9,3,90,205,219,0,514,0
12,4,3,44,529,832,104,677,624
4,3,2,17,76,134,0,227,0
8,3,3,22,56,471,50,373,126
16,6,4,10,245,206,136,43,282
13,1,4,38,311,118,38,392,37
14,1,3,70,707,217,71,785,138
8,10,2,228,2493,1007,0,3728,0
19,9,2,51,1076,308,451,121,863
7,6,2,92,327,550,0,969,0
8,7,4,18,67,129,0,214,0
18,7,4,5,197,100,26,0,276
4,10,1,72,1422,112,0,1606,0
6,6,0,234,606,585,0,1425,0
15,5,2,62,1350,1213,838,208,1579
10,8,-1,119,547,1274,179,1761,0
4,10,-1,47,1079,80,0,1206,0
14,9,0,571,5437,3137,723,6280,2142
4,3,0,46,148,261,0,455,0
16,7,-2,87,1224,870,163,809,1209
11,2,-2,23,6,910,80,327,532
20,9,-3,9,1462,189,124,0,1536
20,4,-3,9,1204,240,0,0,1453
11,8,-2,48,297,643,85,821,82
11,4,-1,85,160,1872,152,1119,846
5,3,0,66,249,619,57,877,0
21,7,-3,31,188,552,0,0,771
19,5,-4,2,191,101,0,0,294
14,8,-4,20,212,194,35,242,149
7,10,-3,63,728,185,0,976,0
7,6,-3,15,62,110,0,187,0
16,2,-3,3,419,356,0,0,778
7,8,-3,9,135,72,0,216,0
13,7,-3,59,524,555,72,657,409
12,2,-3,15,252,747,312,65,637
7,9,-2,30,331,124,0,485,0
16,4,-3,12,399,374,0,0,785
15,5,-3,15,374,449,218,53,567
9,2,-2,31,22,625,44,362,272
6,5,-1,73,237,418,0,728,0
8,5,-4,1,11,55,6,58,3
5,9,-3,3,75,16,0,94,0
13,1,-3,89,774,342,92,1033,80
13,5,-3,34,294,562,56,403,431
19,9,-3,14,602,170,237,60,489
4,10,-2,21,475,37,0,533,0
8,8,-1,201,595,591,0,1387,0
18,8,-2,60,1333,581,574,146,1254
7,7,-1,153,467,448,0,1068,0
13,2,-1,29,1527,3017,322,0,4251
16,4,-2,10,964,888,0,0,1862
16,6,-2,45,936,805,510,139,1137
14,4,-2,43,810,1194,610,160,1277
15,1,-3,57,742,291,100,720,270
7,4,-3,14,42,126,12,155,15
14,9,-4,32,260,183,49,313,113
21,4,-4,9,26,256,0,0,291
6,7,0,142,917,571,0,1630,0
21,3,-2,54,43,1414,0,0,1511
16,1,-3,53,727,259,103,615,321
7,3,2,44,153,757,66,746,142
17,6,2,27,1224,798,159,0,1890
8,8,3,66,209,205,0,480,0
7,10,4,31,454,116,0,601,0
4,8,0,27,463,99,0,589,0
6,6,-1,88,322,312,0,722,0
19,6,-1,47,2517,993,0,0,3557
5,3,-1,34,131,307,37,435,0
8,7,-1,129,439,786,0,1354,0
17,8,-2,79,1307,673,171,755,1133
5,8,-2,13,173,54,0,240,0
7,7,-3,24,90,87,0,201,0
13,2,-3,5,262,595,58,0,804
6,7,-1,66,428,287,0,781,0
19,2,-2,7,1162,539,0,0,1708
12,4,-3,43,280,619,68,425,449
6,4,0,80,365,872,117,1200,0
18,8,-3,26,610,260,262,62,572
16,5,-3,8,374,331,42,0,671
10,8,-3,29,116,270,45,370,0
19,6,-3,8,475,207,0,0,690
16,9,-4,24,242,140,32,186,188
12,10,-5,62,486,260,78,730,0
8,2,-4,3,7,87,8,58,31
17,10,-4,86,1365,448,138,987,774
19,8,-3,7,620,221,67,0,781
19,2,-4,1,200,95,0,0,296
12,4,-4,17,105,273,24,167,204
10,3,-3,5,14,315,20,166,148
11,6,-3,32,68,320,36,283,101
17,5,-3,7,469,318,0,0,794
9,1,-2,63,572,292,0,927,0
21,9,0,281,1520,2673,0,0,4474
11,5,-2,51,106,842,104,576,319
8,9,-2,57,351,189,0,597,0
12,3,-2,62,598,1570,173,817,1240
15,4,-2,16,907,979,143,0,1759
18,2,-4,3,175,135,0,0,313
16,6,-1,68,2094,1690,1095,291,2466
10,1,0,357,2144,1692,0,4193,0
18,5,3,5,521,271,0,0,797
15,5,5,5,100,94,64,21,114
12,3,5,4,84,132,16,96,108
6,3,7,0,3,3,1,5,0
14,4,7,2,13,11,8,2,16
10,3,7,1,1,11,0,10,3
9,3,8,0,0,4,0,3,1
15,6,8,0,3,1,0,3,1
5,3,2,34,131,312,28,449,0
17,4,3,3,513,338,0,0,854
20,4,3,5,916,183,0,0,1104
8,2,4,10,18,210,17,152,69
12,4,4,31,215,381,49,322,256
9,9,5,13,24,24,0,61,0
17,1,4,12,217,52,15,158,108
9,10,5,28,193,101,0,322,0
15,3,6,0,33,24,0,0,57
13,10,6,6,162,44,17,188,7
16,1,2,101,1353,409,134,1166,563
11,6,2,106,264,1322,114,1225,353
14,4,3,27,520,646,360,102,731
13,5,4,31,295,302,50,335,243
19,9,4,9,188,49,74,31,141
20,10,4,34,1109,164,426,104,777
12,8,4,31,314,206,36,443,72
21,10,4,54,248,311,48,0,565
10,3,5,5,5,84,5,56,33
18,8,4,9,206,100,106,23,186
11,10,4,84,421,533,0,1038,0
16,1,3,41,585,149,63,472,240
18,2,4,2,217,147,0,0,366
14,7,2,127,1320,1137,205,1420,959
11,2,1,118,24,3686,298,1479,2051
4,7,1,21,293,83,0,397,0
9,4,2,60,155,1150,100,978,287
16,6,3,26,556,439,320,91,610
7,10,3,58,922,279,0,1259,0
17,8,3,41,511,240,63,330,399
13,9,3,77,721,367,80,917,168
11,6,3,47,120,600,44,560,163
6,9,3,19,197,56,0,272,0
10,3,2,59,53,1466,107,886,585
13,9,-3,69,587,374,92,782,156
16,8,-3,39,505,316,56,356,448
18,6,-3,9,517,271,0,0,797
9,10,-4,55,403,247,0,705,0
4,4,0,61,173,193,0,427,0
11,2,3,23,3,749,59,327,389
6,6,2,117,335,296,0,748,0
4,10,2,30,603,54,0,687,0
19,6,2,14,1165,447,0,0,1626
20,2,-2,5,2776,534,0,0,3315
8,2,-1,48,65,1061,103,701,370
10,9,-2,84,314,532,0,930,0
17,2,0,28,4180,3083,0,0,7291
8,9,3,38,238,144,0,420,0
20,5,4,5,359,72,0,0,436
9,6,-2,31,154,478,47,565,51
11,7,1,190,675,2374,252,2484,503
7,2,3,25,37,390,30,333,89
15,8,3,44,563,353,75,553,332
19,9,3,19,478,145,197,56,389
5,3,4,7,29,72,7,101,0
15,4,3,5,580,549,92,0,1042
13,3,3,31,475,824,436,122,772
4,2,0,25,120,292,30,407,0
20,8,-3,10,1373,211,0,0,1594
13,3,-3,23,285,582,255,50,585
15,9,-4,23,255,157,38,260,137
18,10,-5,37,479,166,48,280,354
11,1,-5,9,41,38,0,88,0
12,2,-5,1,25,108,33,9,92
20,2,-5,0,189,37,0,0,226
10,3,-4,8,5,118,12,62,57
10,4,3,34,47,588,44,423,202
21,9,3,39,147,255,0,0,441
18,3,3,4,507,284,0,0,795
12,3,4,26,205,417,50,262,336
10,6,4,11,56,224,14,231,46
18,6,2,15,1246,616,0,0,1877
6,5,1,163,551,939,0,1653,0
5,9,-1,26,406,76,0,508,0
17,9,-1,207,3066,1310,353,2038,2192
9,7,-2,45,216,509,63,707,0
5,8,0,66,830,232,0,1128,0
9,8,3,50,200,305,0,555,0
15,2,4,5,231,265,0,0,501
11,6,5,5,28,95,8,94,26
19,8,4,4,199,76,20,0,259
4,10,5,0,49,4,0,53,0
9,3,7,0,0,10,2,3,5
20,10,6,3,120,25,49,16,83
8,10,6,8,69,24,0,101,0
19,7,5,2,92,23,0,0,117
20,7,5,1,117,20,0,0,138
7,2,-1,52,123,801,79,670,227
5,1,-2,12,233,30,0,275,0
8,3,1,134,303,2256,192,1842,659
18,10,-4,78,1293,438,110,744,955
9,6,-3,15,58,207,23,232,25
14,6,-3,48,389,471,86,399,423
10,5,-2,37,98,664,69,547,183
20,8,-4,4,631,82,0,0,717
16,10,-4,124,1274,485,164,1113,606
6,10,-4,19,225,48,0,292,0
12,6,-3,55,350,548,86,556,311
19,3,3,4,476,235,0,0,715
12,5,4,20,235,340,46,333,216
8,9,4,13,130,70,0,213,0
17,8,4,14,228,103,20,158,167
20,5,5,2,145,40,0,0,187
13,3,5,3,91,138,77,22,133
15,5,4,13,275,241,181,42,306
4,6,0,33,290,129,0,452,0
10,3,4,13,12,282,19,167,121
21,1,-2,264,838,777,530,0,1349
19,9,-2,51,1420,397,548,110,1210
17,7,-3,21,517,336,257,61,556
11,7,-3,27,89,338,36,337,81
14,2,-4,1,130,233,0,0,364
13,1,-4,36,362,145,50,449,44
4,9,1,16,341,39,0,396,0
15,1,2,121,1489,444,134,1501,419
17,3,2,11,1225,851,0,0,2087
7,9,-1,78,713,290,0,1081,0
5,7,-1,34,325,131,0,490,0
6,1,0,85,1359,309,0,1753,0
7,2,0,94,194,1524,137,1279,396
11,2,2,52,6,1720,146,689,943
14,5,3,41,610,647,95,517,686
8,6,2,57,321,779,89,1068,0
17,5,2,15,1184,807,0,0,2006
21,7,1,139,466,1566,0,0,2171
11,4,3,34,44,769,54,467,326
20,8,2,15,1904,350,0,0,2269
17,9,3,33,519,207,68,374,317
12,6,5,11,100,118,21,154,54
21,2,4,8,0,195,0,0,203
19,8,3,13,429,158,47,0,553
18,2,3,5,515,276,0,0,796
21,4,3,24,30,432,0,0,486
21,3,3,24,15,492,0,0,531
17,7,2,58,1081,600,578,150,1011
11,5,-1,101,225,1746,159,1255,658
15,6,-3,35,423,411,67,301,501
16,4,-4,2,182,183,0,0,367
10,1,-3,45,222,185,0,452,0
15,6,-4,13,186,184,35,126,222
4,5,2,15,119,74,0,208,0
10,9,3,56,174,361,0,591,0
9,10,4,77,457,259,0,793,0
20,6,-4,3,539,93,0,0,635
20,4,-5,0,206,28,0,0,234
17,9,-6,1,23,16,1,19,20
7,10,-5,10,101,21,0,132,0
19,1,-6,0,48,10,6,18,34
12,1,-6,4,45,13,3,59,0
5,8,-6,0,4,2,0,6,0
7,1,-1,84,929,262,0,1275,0
8,1,-3,22,224,85,0,331,0
14,2,-3,6,309,551,0,0,866
10,10,-3,247,788,822,0,1857,0
19,3,-3,8,496,203,0,0,707
14,9,-3,52,638,367,70,710,277
6,8,0,112,1108,415,0,1635,0
4,5,3,9,71,39,0,119,0
8,5,-1,61,239,840,81,975,84
9,5,-2,37,122,506,55,497,113
6,8,3,23,169,84,0,276,0
11,6,-2,41,164,668,65,599,209
8,4,1,146,446,2236,212,2193,423
6,5,3,31,109,182,0,322,0
20,1,-4,17,776,68,61,243,557
16,10,-5,39,450,194,50,391,242
6,7,1,114,772,457,0,1343,0
21,2,2,34,7,1093,0,0,1134
6,2,0,68,219,1054,100,1051,190
5,1,1,45,656,89,0,790,0
4,1,0,20,504,38,0,562,0
6,9,1,89,977,271,0,1337,0
8,5,2,60,258,914,95,1050,87
17,5,3,3,517,357,0,0,877
11,5,5,7,18,88,4,79,30
8,4,-1,73,176,903,95,872,185
5,10,-2,51,972,124,0,1147,0
21,8,1,132,574,1426,0,0,2132
17,1,2,65,1169,252,92,858,536
12,8,2,166,1475,1112,189,2144,420
11,2,4,10,2,360,23,153,196
17,5,4,3,225,156,0,0,384
10,10,-4,109,312,364,0,785,0
15,2,-3,3,394,478,0,0,875
9,9,-2,92,356,314,0,762,0
11,8,2,104,426,999,113,1313,103
6,8,1,95,950,362,0,1407,0
8,9,1,186,1250,804,0,2240,0
16,1,-4,23,323,107,42,277,134
5,10,4,10,228,27,0,265,0
17,4,4,4,230,159,0,0,393
18,6,3,4,539,237,0,0,780
15,7,4,16,248,167,37,202,192
15,9,-2,115,1352,788,156,1354,745
5,4,-1,57,172,294,0,523,0
20,6,-3,10,1171,208,0,0,1389
19,4,-3,4,479,220,0,0,703
17,2,2,14,1249,846,0,0,2109
8,10,4,52,459,191,0,702,0
20,2,4,5,375,73,0,0,453
19,9,5,4,73,25,36,11,55
16,4,5,1,83,89,0,0,173
19,8,6,0,16,10,3,0,23
12,8,6,3,36,20,6,48,5
8,10,7,1,27,9,0,37,0
15,9,5,2,109,39,9,92,49
12,9,5,9,106,54,10,145,14
8,5,4,20,46,174,16,208,16
16,9,3,36,639,251,85,513,328
14,9,3,53,664,387,82,766,256
8,1,4,8,127,52,0,187,0
8,10,-3,65,768,343,0,1176,0
12,5,-4,16,128,251,29,200,166
15,1,-4,34,329,139,48,335,119
12,2,-4,3,83,268,96,20,238
13,7,-4,18,209,227,41,274,139
5,6,-2,14,134,86,0,234,0
12,2,-2,18,549,1534,650,164,1287
12,5,3,52,511,774,121,723,493
7,4,4,11,34,149,20,164,10
20,1,4,17,300,25,22,115,205
7,9,4,11,110,41,0,162,0
13,2,4,4,220,379,45,0,558
16,1,4,7,237,60,18,183,103
18,1,3,26,452,97,41,269,265
5,10,3,30,594,74,0,698,0
13,1,3,71,718,228,61,863,93
13,9,4,21,310,183,34,407,73
19,1,4,15,178,33,15,86,125
21,8,3,30,98,321,0,0,449
4,3,1,41,182,306,0,529,0
21,6,4,12,36,159,0,0,207
7,3,3,20,64,344,39,327,62
10,7,4,16,51,200,13,227,27
21,2,-4,4,1,293,0,0,298
20,1,-5,14,259,31,30,87,187
13,2,-5,0,32,115,7,0,140
14,1,-5,10,128,62,21,149,30
20,7,-5,3,236,35,0,0,274
10,2,3,16,0,672,57,338,293
21,6,3,27,73,384,0,0,484
8,9,2,109,599,332,0,1040,0
15,9,3,39,656,296,66,639,286
6,7,5,5,29,14,0,48,0
5,4,1,96,362,669,0,1127,0
19,1,3,26,443,83,43,225,284
21,9,-3,56,248,427,0,0,731
13,6,-3,37,367,510,72,461,381
8,6,-2,31,165,330,37,489,0
4,7,2,23,152,36,0,211,0
17,7,3,19,448,275,234,63,445
20,6,4,3,407,84,0,0,494
5,4,0,75,337,562,0,974,0
18,4,-3,8,502,296,0,0,806
16,6,-3,16,450,366,231,60,541
12,5,-3,35,312,543,66,480,344
11,5,-3,19,40,369,41,249,138
11,7,3,40,139,463,58,514,70
6,9,2,27,488,126,0,641,0
5,1,2,10,306,40,0,356,0
11,3,-2,30,36,919,64,432,489
9,2,4,6,10,234,23,151,76
17,9,-3,33,655,241,77,386,466
6,9,-1,51,625,160,0,836,0
11,9,-2,75,401,633,77,1032,0
21,9,-4,27,97,192,0,0,316
21,9,-5,7,34,58,0,0,99
11,3,-5,2,3,44,3,22,24
7,4,-4,4,18,54,7,63,6
8,7,-3,25,84,157,0,266,0
7,1,3,17,236,64,0,317,0
9,1,3,32,268,155,0,455,0
11,7,2,79,351,1047,103,1139,235
7,6,3,43,140,262,0,445,0
17,3,3,10,487,381,0,0,878
10,7,3,24,120,420,46,487,31
20,8,4,4,341,67,0,0,412
13,6,4,36,263,284,44,353,186
17,9,4,15,212,87,20,154,140
7,7,4,20,74,69,0,163,0
14,4,4,10,215,304,185,43,301
16,2,3,3,572,497,0,0,1072
20,8,3,11,795,170,0,0,976
19,8,2,22,1020,364,114,0,1292
20,9,3,9,822,147,86,0,892
11,3,4,22,13,293,24,177,127
5,9,1,40,706,132,0,878,0
10,3,-2,27,25,743,57,432,306
7,10,-2,122,1704,463,0,2289,0
10,6,3,41,102,558,41,558,102
21,5,3,22,54,425,0,0,501
18,8,3,25,460,195,207,69,404
9,3,3,24,38,543,37,381,187
9,5,4,15,35,205,21,199,35
5,6,0,88,551,346,0,985,0
6,10,3,46,771,141,0,958,0
8,1,3,25,254,121,0,400,0
20,6,3,10,887,209,0,0,1106
17,6,4,7,224,154,31,0,354
10,2,4,8,1,316,21,166,138
10,2,2,36,5,1457,143,710,645
13,9,5,9,115,62,13,140,33
20,7,3,10,793,158,0,0,961
10,2,-3,9,0,293,22,117,163
21,10,-4,140,639,770,115,0,1434
19,9,-4,13,273,82,109,29,230
10,5,-1,83,205,1536,149,1274,401
4,5,1,53,296,183,0,532,0
13,6,3,63,594,665,95,775,452
7,6,4,18,69,96,0,183,0
5,1,4,2,59,9,0,70,0
4,6,1,42,344,154,0,540,0
21,3,-6,0,2,31,0,0,33
15,8,-5,8,103,75,12,94,80
18,10,-6,14,146,53,13,82,118
12,4,-6,2,11,32,2,22,21
21,7,-6,4,7,35,0,0,46
16,10,-7,6,46,19,3,47,21
13,4,-8,0,1,1,0,1,1
7,4,-1,55,210,617,67,749,66
10,4,4,7,28,293,26,205,97
19,10,4,41,658,150,67,371,411
19,2,-3,6,494,228,0,0,728
4,10,-3,16,224,14,0,254,0
20,5,-6,1,76,8,0,0,85
5,4,3,15,85,117,0,217,0
17,2,4,1,217,147,0,0,365
15,4,5,0,100,77,19,0,158
18,3,6,0,33,13,0,0,46
12,3,7,2,12,13,1,11,15
19,5,7,0,10,3,0,0,13
21,10,7,1,8,5,2,0,12
15,3,8,0,2,2,0,0,4
14,9,8,0,4,2,1,4,1
14,1,8,0,7,0,0,7,0
5,9,2,18,316,53,0,387,0
10,2,-1,69,5,1690,128,796,840
7,1,-4,6,91,22,0,119,0
8,8,-3,29,116,126,0,271,0
13,2,3,6,527,846,106,0,1273
5,6,1,105,608,400,0,1113,0
9,3,-3,13,16,231,24,152,84
21,1,-3,112,352,338,241,0,561
19,1,-4,17,299,68,34,145,205
14,6,-5,8,48,50,3,46,57
14,4,-4,15,157,211,108,30,245
12,8,-4,29,210,209,39,334,75
12,6,-4,20,135,231,41,225,120
7,10,-4,19,313,84,0,416,0
21,7,-4,22,68,248,0,0,338
6,7,-2,41,207,119,0,367,0
5,7,-2,16,165,70,0,251,0
10,9,4,32,95,149,0,276,0
7,3,5,6,14,59,3,57,19
18,4,5,0,81,50,0,0,131
19,6,3,3,498,228,0,0,729
8,6,3,35,139,351,40,485,0
19,1,2,47,956,180,99,442,642
11,1,-2,190,548,556,0,1294,0
18,5,-4,3,215,125,0,0,343
13,3,-4,7,139,262,108,27,273
10,7,-4,16,33,113,16,135,11
9,7,-1,114,456,1143,141,1572,0
7,8,3,36,235,127,0,398,0
13,7,4,21,288,223,46,353,133
19,2,4,3,203,85,0,0,291
14,2,4,3,245,329,0,0,577
6,10,4,18,343,71,0,432,0
5,6,5,4,19,11,0,34,0
21,1,4,18,63,63,47,0,97
20,2,5,1,150,31,0,0,182
9,5,5,7,17,84,7,93,8
8,4,2,73,184,958,93,950,172
5,8,-1,43,400,102,0,545,0
10,7,-3,25,100,245,32,310,28
17,8,-4,14,263,123,32,143,225
9,8,-3,32,113,198,0,343,0
12,1,-4,42,330,157,39,490,0
10,4,-4,4,8,136,16,73,59
8,2,-3,7,12,210,24,123,82
13,10,-6,25,174,86,21,243,21
7,10,-6,2,32,13,0,47,0
20,2,-3,7,1177,203,0,0,1387
12,3,-3,23,234,618,62,292,521
8,3,-1,42,129,1037,98,800,310
9,4,4,15,28,224,13,199,55
18,3,4,5,241,115,0,0,361
15,9,4,21,298,119,33,267,138
18,9,4,10,225,72,20,131,156
14,8,4,25,281,180,32,326,128
20,3,-5,0,172,33,0,0,205
8,10,-4,43,345,149,0,537,0
6,2,3,15,45,237,17,225,55
8,3,4,7,26,206,14,175,50
10,8,5,4,19,67,7,83,0
12,7,4,21,254,220,36,343,116
4,7,-1,18,178,61,0,257,0
8,7,3,34,172,262,0,468,0
14,3,4,2,246,309,46,0,511
17,6,5,1,97,46,15,0,129
6,3,3,21,91,226,25,290,23
9,3,5,3,3,101,6,66,35
20,3,-4,3,532,84,0,0,619
4,1,-2,1,127,8,0,136,0
9,6,-1,93,306,1078,108,1253,116
6,4,2,42,204,475,59,662,0
19,4,3,9,534,213,0,0,756
6,4,1,107,456,1107,140,1530,0
16,7,-4,8,207,176,31,144,216
12,6,-5,8,39,79,11,74,41
6,8,-6,1,7,5,0,13,0
12,5,-6,2,16,32,3,25,22
14,3,-6,0,14,28,0,0,42
18,10,-7,1,53,17,2,28,41
9,1,-6,2,9,6,0,17,0
10,4,-2,35,61,684,56,463,261
5,5,3,42,94,82,0,218,0
6,2,4,9,23,121,13,118,22
15,10,4,81,1038,339,90,1039,329
4,5,5,2,4,6,0,12,0
17,5,5,1,83,51,0,0,135
19,5,6,0,20,17,0,0,37
17,8,5,4,62,35,7,43,51
21,6,5,5,12,66,0,0,83
15,8,5,7,80,51,11,78,49
19,4,4,1,253,80,0,0,334
15,3,5,1,85,87,0,0,173
17,3,6,1,16,13,0,0,30
16,7,5,9,100,56,10,76,79
17,9,5,7,82,33,12,57,53
4,9,0,33,439,56,0,528,0
17,2,-4,2,189,159,0,0,350
19,7,-4,6,268,100,0,0,374
13,8,-5,10,89,70,19,93,57
19,3,-4,4,215,88,0,0,307
17,9,-5,4,82,43,8,53,68
21,9,-6,5,15,22,0,0,42
12,9,-6,3,22,20,3,36,6
10,6,-5,2,6,39,5,36,6
21,10,-7,6,30,35,3,0,68
7,3,-5,3,5,20,1,23,4
16,5,4,6,216,181,22,0,381
5,6,6,1,12,5,0,18,0
12,10,6,17,173,57,14,233,0
4,4,-1,26,104,95,0,225,0
17,2,3,4,530,402,0,0,936
8,8,-2,96,261,282,0,639,0
11,10,-5,27,154,170,0,351,0
19,7,-3,11,623,217,0,0,851
6,1,-3,3,150,22,0,175,0
17,1,-3,45,796,213,79,541,434
14,7,-5,9,64,84,13,83,61
16,9,-7,0,9,7,2,3,11
15,2,-6,0,22,25,0,0,47
8,6,-3,13,61,149,14,209,0
9,1,-3,36,216,139,0,391,0
13,5,-4,13,130,244,34,155,198
8,3,-2,25,48,459,39,354,139
7,5,-2,24,109,272,37,368,0
5,2,2,33,109,310,32,394,26
9,5,-3,16,35,205,16,195,45
12,7,-4,22,190,248,37,309,114
5,6,2,39,285,161,0,485,0
14,2,5,2,91,115,0,0,208
15,2,6,0,31,22,0,0,53
4,10,3,9,255,21,0,285,0
14,6,-4,13,171,205,30,161,198
16,9,-3,45,571,299,83,477,355
14,4,-3,16,362,501,271,80,528
17,3,-2,13,1058,737,0,0,1808
8,3,2,42,144,1039,85,850,290
6,2,-2,20,59,286,19,294,52
18,7,-4,7,221,125,28,0,325
8,2,2,61,82,1068,107,772,332
6,4,3,19,100,195,16,298,0
11,6,4,16,56,251,21,229,73
21,8,4,14,54,133,0,0,201
21,3,-3,20,29,613,0,0,662
8,4,-3,12,36,166,17,163,34
4,5,-2,11,59,42,0,112,0
15,9,-5,10,85,58,13,85,55
19,10,-5,31,453,121,47,207,351
11,7,-5,5,13,52,3,51,16
18,7,-5,1,97,38,8,0,128
16,6,-5,2,61,56,38,6,75
16,9,-5,9,88,58,15,78,62
21,10,-6,23,79,84,10,0,176
5,7,-3,4,73,27,0,104,0
9,6,4,22,57,197,18,241,17
21,1,3,55,129,145,108,0,221
5,3,-3,1,23,71,9,86,0
5,10,-4,7,200,19,0,226,0
7,2,4,8,25,166,14,144,41
12,9,4,39,286,173,39,428,31
9,7,5,10,22,56,6,82,0
9,1,4,15,127,64,0,206,0
20,3,4,1,376,79,0,0,456
4,8,1,21,318,70,0,409,0
9,6,5,5,33,78,6,105,5
15,3,4,2,286,262,0,0,550
6,7,-3,15,81,46,0,142,0
13,2,-4,1,114,265,27,0,353
8,7,2,100,376,582,0,1058,0
16,4,-5,2,68,60,0,0,130
18,5,-3,9,506,264,0,0,779
11,2,-5,1,1,42,5,12,27
19,4,-4,5,216,115,0,0,336
20,4,-4,2,513,78,0,0,593
16,3,4,2,243,204,0,0,449
5,10,-3,25,377,58,0,460,0
21,7,-5,7,29,89,0,0,125
15,4,-6,0,18,15,2,0,31
8,3,-5,4,5,20,1,21,7
10,10,-6,6,39,47,0,92,0
14,8,-3,57,520,436,98,578,337
7,9,3,30,257,109,0,396,0
7,3,4,6,28,155,16,149,24
10,5,3,36,90,573,49,511,139
6,3,0,73,283,980,91,1159,86
6,5,2,63,221,441,0,725,0
13,4,-3,23,300,594,67,322,528
4,8,-1,15,217,49,0,281,0
5,7,2,27,307,109,0,443,0
5,8,2,23,338,90,0,451,0
19,7,4,5,209,68,0,0,282
5,8,4,6,53,10,0,69,0
13,2,5,0,91,138,26,0,203
12,5,6,4,32,39,3,48,24
11,10,5,57,162,168,0,387,0
18,5,4,3,211,107,0,0,321
6,9,4,5,82,31,0,118,0
7,9,-3,12,128,56,0,196,0
9,9,4,36,120,110,0,266,0
18,3,-4,4,200,140,0,0,344
12,3,-4,9,119,257,34,128,223
21,10,-5,66,248,310,41,0,583
4,3,-2,14,41,74,0,129,0
13,10,-5,39,476,249,54,638,72
5,6,-4,2,34,19,0,55,0
8,6,-4,4,22,68,7,87,0
19,10,-6,12,165,46,14,75,134
15,3,-6,0,15,22,0,0,37
13,1,-6,2,42,17,2,56,3
16,10,-6,15,177,60,19,153,80
5,1,3,6,123,22,0,151,0
21,5,4,13,29,192,0,0,234
6,10,5,8,123,25,0,156,0
6,4,-2,25,85,182,14,278,0
17,4,-5,0,76,57,0,0,133
13,9,-4,22,262,179,41,330,92
5,9,-5,1,16,2,0,19,0
8,4,-4,2,21,72,7,76,12
4,5,0,49,264,143,0,456,0
11,3,3,33,30,776,57,422,360
5,5,-2,38,97,94,0,229,0
9,9,2,185,560,537,0,1282,0
10,1,-4,24,112,91,0,227,0
21,6,-4,16,49,200,0,0,265
10,5,-4,4,21,135,5,115,40
20,3,5,0,126,25,0,0,151
8,4,4,11,38,152,11,159,31
19,4,5,1,86,22,0,0,109
21,4,-3,25,44,574,0,0,643
10,2,-2,20,5,773,60,332,406
18,4,4,2,204,135,0,0,341
12,1,4,34,298,113,46,399,0
4,1,1,7,371,27,0,405,0
21,4,4,9,17,192,0,0,218
16,2,4,3,244,206,0,0,453
8,4,5,13,11,73,6,79,12
8,8,5,18,29,36,0,83,0
15,3,3,4,566,553,0,0,1123
11,7,5,8,19,76,6,80,17
18,7,5,2,73,41,8,0,108
14,3,6,0,37,35,13,0,59
11,3,7,1,0,12,1,10,2
17,10,6,5,104,24,11,79,43
9,10,7,4,19,16,0,39,0
10,2,-4,5,0,131,7,52,77
16,3,-3,4,415,378,0,0,797
8,5,-3,14,56,146,20,183,13
17,7,-5,2,89,52,29,20,94
16,6,-4,13,201,142,113,30,213
8,8,-4,17,44,57,0,118,0
21,8,-4,22,73,192,0,0,287
4,8,3,7,72,15,0,94,0
8,1,-2,48,457,191,0,696,0
12,5,5,12,104,102,17,131,70
8,7,5,5,25,41,0,71,0
9,8,5,1,35,49,0,85,0
20,8,5,1,108,27,0,0,136
14,10,6,17,140,49,11,173,22
13,3,6,2,25,52,25,6,48
17,5,6,0,30,23,0,0,53
13,1,6,3,34,9,4,38,4
20,6,6,0,43,13,0,0,56
18,9,6,0,25,4,2,12,15
6,7,6,1,11,11,0,23,0
18,9,5,3,77,16,5,37,54
14,1,5,6,114,25,10,115,20
15,2,5,2,95,102,0,0,199
4,7,-3,4,31,9,0,44,0
17,1,3,47,537,120,41,428,235
6,1,4,4,79,12,0,95,0
10,1,4,24,113,104,0,241,0
16,2,5,1,100,60,0,0,161
12,3,6,2,33,61,6,43,47
14,3,5,2,89,131,18,0,204
18,5,5,1,97,38,0,0,136
11,5,-4,9,23,147,11,104,64
19,6,-4,4,226,88,0,0,318
20,9,-4,6,656,92,52,0,702
19,10,-7,3,57,11,7,21,43
12,10,-7,8,43,19,2,68,0
19,8,-7,0,6,3,0,0,9
12,8,-6,3,29,32,6,50,8
8,2,3,20,41,486,43,341,163
6,9,-4,4,38,11,0,53,0
16,8,-4,29,229,153,28,199,184
16,2,-4,3,162,164,0,0,329
16,2,-5,1,44,57,0,0,102
10,5,-3,16,44,278,24,239,75
7,5,-3,11,52,121,16,168,0
7,2,-2,22,51,375,30,308,110
17,1,5,3,87,26,6,66,44
10,3,6,0,2,38,2,24,14
19,10,6,4,81,18,11,45,47
18,6,5,1,66,36,0,0,103
5,3,6,2,5,4,2,9,0
18,8,7,1,7,3,5,0,6
8,10,8,1,9,1,0,11,0
19,8,8,0,3,2,1,0,4
20,2,-4,1,508,113,0,0,622
14,6,5,14,121,78,21,102,90
10,6,6,3,6,34,3,32,8
20,3,6,0,55,15,0,0,70
15,9,6,1,38,12,2,40,9
15,4,8,0,6,8,2,0,12
20,9,-5,1,227,37,15,0,250
11,9,5,8,29,64,5,96,0
10,2,5,3,0,102,5,56,44
19,3,6,0,26,10,0,0,36
19,8,-4,4,256,101,25,0,336
11,7,-4,13,41,136,15,141,34
19,3,-6,0,25,13,0,0,38
15,10,-6,17,153,59,20,155,54
18,2,-7,0,5,5,0,0,10
16,5,-7,0,8,5,1,0,12
17,10,-8,2,11,11,1,12,11
14,7,-4,25,204,193,29,222,171
5,4,4,8,32,54,0,94,0
4,9,2,10,168,27,0,205,0
14,1,4,30,264,94,19,300,69
5,2,-4,0,11,32,4,36,3
8,1,-4,8,82,26,0,116,0
15,4,-4,3,177,169,20,0,329
17,5,-5,0,75,43,0,0,118
11,3,-4,4,1,146,10,47,94
17,10,-6,15,180,50,15,135,95
12,7,-5,14,56,86,14,108,34
20,6,-5,1,192,31,0,0,224
17,8,-5,6,92,60,23,48,87
18,6,-5,1,78,47,0,0,126
15,2,-5,0,61,74,0,0,135
16,3,-5,1,69,65,0,0,135
6,5,4,14,50,90,0,154,0
5,7,4,5,56,13,0,74,0
6,3,2,36,142,533,50,603,58
16,9,4,32,247,106,32,218,135
6,10,-3,44,546,113,0,703,0
4,2,-1,7,61,140,15,193,0
16,8,4,11,244,102,18,188,151
8,8,4,34,100,80,0,214,0
5,10,5,3,75,15,0,93,0
4,4,3,16,41,45,0,102,0
7,5,-4,4,24,46,5,69,0
4,4,1,80,201,223,0,504,0
18,10,5,15,265,42,21,160,141
9,9,6,6,8,17,0,31,0
16,6,6,1,30,19,15,3,32
10,10,6,18,45,37,0,100,0
21,4,-5,3,5,85,0,0,93
21,5,-5,6,6,90,0,0,102
8,10,-5,11,129,46,0,186,0
15,6,-5,8,60,64,13,28,91
18,4,-5,2,81,49,0,0,132
16,7,-5,3,78,65,8,56,82
9,6,-5,1,10,26,5,26,6
11,9,-4,18,88,135,21,220,0
14,2,-5,0,45,75,0,0,120
14,9,-5,10,103,49,10,106,46
13,5,-5,7,47,78,8,58,66
9,8,-4,15,45,77,0,137,0
5,2,-2,13,45,148,13,179,14
11,8,5,10,29,61,4,90,6
10,9,5,11,32,51,0,94,0
7,10,5,11,158,46,0,215,0
20,4,5,1,115,31,0,0,147
4,8,6,1,2,2,0,5,0
16,5,6,1,42,23,5,0,61
19,5,5,1,63,36,0,0,100
18,2,5,1,83,49,0,0,133
18,8,-4,11,267,99,111,38,228
19,1,-5,4,101,29,12,48,74
7,3,-2,22,47,330,39,299,61
6,8,-4,2,52,17,0,71,0
12,8,-5,10,81,51,9,113,20
10,1,-5,9,32,33,0,74,0
10,10,-5,35,118,115,0,268,0
16,3,-4,2,193,160,0,0,355
19,4,-5,0,77,30,0,0,107
17,9,-4,20,276,117,31,168,214
12,4,-5,4,37,94,13,55,67
7,1,-5,2,26,8,0,36,0
6,6,5,5,21,28,0,54,0
5,6,3,28,116,84,0,228,0
18,1,4,9,205,47,20,134,107
7,9,5,5,33,23,0,61,0
19,2,6,0,38,15,0,0,53
9,2,5,4,3,86,3,56,34
14,7,5,5,101,73,15,96,68
21,9,5,5,22,44,0,0,71
14,5,4,23,247,298,46,226,296
4,6,-3,2,32,12,0,46,0
16,8,-5,7,86,42,8,60,67
17,6,-5,1,69,73,14,0,129
6,9,-3,15,122,33,0,170,0
20,5,-5,0,180,28,0,0,208
8,4,-5,2,2,26,3,23,4
4,6,3,7,78,22,0,107,0
6,8,-3,7,103,58,0,168,0
13,1,-5,8,122,49,10,156,13
9,9,-5,6,22,19,0,47,0
18,1,-6,2,39,8,4,18,27
14,1,-6,5,31,14,3,43,4
12,1,-7,2,13,9,2,22,0
10,8,4,13,76,185,18,256,0
18,3,-5,2,66,36,0,0,104
6,2,-3,13,22,109,10,111,23
17,1,-5,9,133,40,12,90,80
21,7,3,29,82,335,0,0,446
12,7,5,15,101,81,13,146,38
4,5,-1,16,136,66,0,218,0
6,4,-3,10,33,79,9,113,0
18,8,-5,3,98,38,51,10,78
7,3,-4,4,8,64,7,50,19
6,6,-4,6,37,29,0,72,0
6,5,-2,34,101,179,0,314,0
15,7,5,4,107,66,14,86,77
13,5,6,5,39,30,7,40,27
16,9,6,4,36,10,4,27,19
16,7,4,12,266,163,38,184,219
11,10,-6,8,55,51,0,114,0
9,10,-6,13,50,27,0,90,0
15,5,-6,1,18,26,11,3,31
16,7,-6,3,31,26,2,23,35
17,6,-7,0,6,5,1,0,10
17,7,-7,1,7,13,8,0,13
21,6,-5,4,13,97,0,0,114
7,6,-4,9,26,44,0,79,0
6,2,5,1,12,44,4,45,8
5,2,3,11,32,149,8,175,9
9,2,3,29,19,533,50,353,178
4,7,4,1,33,7,0,41,0
4,7,-2,4,98,24,0,126,0
8,6,5,5,37,54,4,92,0
14,6,6,2,35,31,4,35,29
6,10,6,4,44,10,0,58,0
15,4,-5,1,51,88,10,0,130
6,1,6,2,10,4,0,16,0
16,10,6,6,118,29,13,101,39
15,4,6,0,21,34,4,0,51
13,6,7,3,9,12,0,19,5
6,5,8,0,1,4,0,5,0
14,3,8,0,3,2,0,0,5
20,1,7,2,10,1,2,7,4
6,10,8,0,7,0,0,7,0
18,3,8,0,1,3,0,0,4
15,1,9,0,1,1,0,2,0
5,7,3,9,115,49,0,173,0
11,4,5,9,7,126,14,84,44
4,5,-3,1,20,17,0,38,0
17,3,4,3,236,162,0,0,401
6,3,-4,5,19,56,9,65,6
10,4,-3,19,27,288,30,194,110
20,6,5,1,135,31,0,0,167
16,3,5,0,89,87,0,0,176
17,3,5,1,89,58,0,0,148
16,5,5,2,73,70,16,0,129
6,6,3,67,144,115,0,326,0
4,4,-3,8,11,19,0,38,0
8,7,-4,13,46,61,0,120,0
18,5,-6,0,26,16,0,0,42
10,6,-3,16,61,275,28,271,53
9,6,-4,12,34,94,8,120,12
10,3,-5,0,0,44,6,17,21
7,2,-4,6,9,58,5,46,22
4,8,2,18,153,39,0,210,0
10,4,6,0,1,44,5,26,14
18,7,6,1,21,13,5,0,30
14,9,6,3,46,22,4,41,26
19,1,6,2,23,5,1,17,12
9,5,7,0,1,9,0,10,0
19,4,7,0,10,4,0,0,14
14,5,8,1,5,3,3,2,4
18,3,5,2,89,46,0,0,137
13,6,-4,27,150,202,27,197,155
6,6,-3,24,63,59,0,146,0
18,6,-4,3,230,123,0,0,356
19,1,-7,0,13,2,1,4,10
13,9,-7,1,8,10,1,15,3
20,10,-8,0,25,6,6,2,23
12,7,-8,0,1,3,1,2,1
19,3,-8,0,1,1,0,0,2
4,9,-4,1,13,2,0,16,0
19,3,-5,0,88,30,0,0,118
7,5,4,10,45,135,18,172,0
5,5,5,9,19,11,0,39,0
14,8,5,9,95,60,8,105,51
4,1,-3,1,55,2,0,58,0
20,9,5,0,106,15,9,0,112
4,1,6,0,12,1,0,13,0
17,7,5,3,75,45,50,9,64
10,5,6,2,7,45,5,35,14
13,4,-5,6,37,85,6,51,71
6,6,4,22,60,52,0,134,0
4,3,-3,4,15,23,0,42,0
21,1,-5,17,58,63,38,0,100
10,5,-5,4,4,37,5,30,10
17,2,-5,1,61,54,0,0,116
18,2,-5,1,79,46,0,0,126
19,7,-5,2,80,26,0,0,108
10,9,-5,5,22,35,0,62,0
18,7,-6,0,33,17,2,0,48
10,8,-6,2,4,16,1,21,0
16,8,-6,3,26,19,3,21,24
20,1,-6,2,118,12,13,44,75
20,10,-7,2,128,16,48,12,86
16,2,-7,0,5,4,0,0,9
6,10,-6,2,21,5,0,28,0
4,9,-1,12,239,33,0,284,0
5,6,-3,7,77,42,0,126,0
4,4,2,41,110,94,0,245,0
10,8,-4,8,55,106,14,155,0
17,6,-4,3,192,130,26,0,299
9,8,-5,7,16,24,0,47,0
9,10,-5,17,143,86,0,246,0
6,1,3,9,201,53,0,263,0
21,5,-4,15,24,235,0,0,274
15,5,-4,4,155,189,97,26,225
13,3,-5,2,49,98,45,7,97
14,8,-6,1,24,27,9,26,17
14,3,-5,1,34,79,9,0,105
12,2,6,0,28,42,19,6,45
13,6,6,7,41,33,6,52,23
13,9,6,6,40,19,2,55,8
13,5,7,0,12,9,1,13,7
15,10,-7,9,34,29,7,48,17
7,7,3,53,153,167,0,373,0
8,9,-3,19,141,80,0,240,0
11,3,6,0,5,36,3,22,16
21,2,6,1,0,21,0,0,22
8,9,6,1,12,4,0,17,0
20,1,6,3,31,2,6,10,20
9,4,5,6,7,84,9,72,16
8,5,6,3,2,21,4,19,3
16,2,-6,0,24,15,0,0,39
20,1,-7,1,25,3,0,9,20
19,4,-7,0,12,2,0,0,14
7,3,-6,0,2,11,2,9,2
7,6,-5,3,10,10,0,23,0
5,8,3,11,144,37,0,192,0
5,2,4,4,15,69,6,81,1
10,9,-4,14,47,94,0,155,0
21,2,-5,2,1,96,0,0,99
14,8,-5,7,72,57,7,83,46
20,3,-6,0,62,10,0,0,72
21,5,-6,1,3,34,0,0,38
13,7,-5,3,72,89,14,94,56
15,5,-5,3,52,70,25,9,91
18,5,-5,0,82,38,0,0,120
6,3,4,6,31,97,13,111,10
21,3,4,5,15,190,0,0,210
7,9,-4,9,42,26,0,77,0
6,4,4,15,30,94,15,124,0
19,2,5,0,82,25,0,0,107
20,5,6,0,43,10,0,0,53
17,1,6,2,29,6,2,21,14
19,2,-5,0,64,35,0,0,99
11,1,4,36,110,96,0,242,0
7,1,5,7,37,6,0,50,0
10,5,5,4,8,93,2,79,24
12,1,6,6,46,16,10,58,0
21,10,6,10,28,28,5,0,61
15,5,6,2,36,25,20,8,35
7,3,-3,9,19,128,16,114,26
10,6,-4,5,19,111,11,102,22
20,6,-7,0,23,2,0,0,25
15,6,5,11,110,75,10,94,92
21,7,4,6,40,125,0,0,171
21,2,5,2,2,76,0,0,80
16,2,6,1,35,24,0,0,60
4,1,-1,20,268,18,0,306,0
6,10,-5,4,76,11,0,91,0
21,8,-5,9,40,82,0,0,131
12,1,-5,15,104,48,10,157,0
7,2,-3,5,14,159,12,115,51
18,4,-7,0,7,4,0,0,11
5,7,-6,0,7,1,0,8,0
13,8,5,9,104,71,11,132,41
16,5,-5,0,53,42,4,0,91
4,3,-1,24,62,139,0,225,0
4,1,2,9,138,9,0,156,0
21,8,-7,1,5,7,0,0,13
9,9,-6,0,8,7,0,15,0
12,5,-7,0,5,3,0,4,4
19,6,-5,1,83,28,0,0,112
13,7,5,14,109,84,14,148,45
9,3,-5,1,3,41,8,20,17
7,8,-4,7,52,41,0,100,0
16,1,-7,1,8,4,4,5,4
18,6,-7,1,7,5,0,0,13
14,5,-5,2,46,59,8,32,67
11,4,-3,19,22,376,40,213,164
9,9,-4,14,60,54,0,128,0
7,5,5,4,12,69,6,79,0
13,4,6,5,39,57,6,44,51
10,1,5,9,35,32,0,76,0
10,8,6,2,11,30,1,42,0
9,6,7,0,3,8,1,9,1
13,10,7,6,34,17,4,49,4
17,8,7,0,5,6,0,4,7
15,7,-6,1,24,22,2,14,31
12,6,-7,0,6,5,2,4,5
9,10,-7,3,15,8,0,26,0
19,4,-6,0,22,12,0,0,34
17,7,6,2,30,17,16,2,31
13,8,6,2,36,15,3,39,11
14,1,6,1,37,10,4,36,8
7,7,-4,8,33,30,0,71,0
9,2,-4,2,9,103,12,56,46
9,3,-4,3,7,96,11,58,37
18,9,-5,3,106,36,6,55,84
19,2,-6,0,36,8,0,0,44
20,7,-7,1,24,7,0,0,32
15,1,-7,3,14,2,0,15,4
16,3,-7,0,5,7,0,0,12
8,9,-6,1,4,7,0,12,0
17,6,-6,0,22,28,2,0,48
16,5,-6,0,18,17,0,0,35
12,4,5,9,80,131,28,96,96
7,8,5,3,36,25,0,64,0
11,1,5,15,40,49,0,104,0
17,2,6,0,25,25,0,0,50
12,9,6,4,36,32,7,60,5
19,7,8,1,3,1,0,0,5
11,8,-4,21,50,142,16,176,21
4,6,-2,6,68,27,0,101,0
4,9,-3,0,43,11,0,54,0
5,4,-2,19,73,120,0,212,0
20,4,6,1,46,10,0,0,57
19,6,6,0,19,8,0,0,27
4,2,-3,0,14,20,3,31,0
4,4,-4,1,5,7,0,13,0
20,7,-6,0,70,12,0,0,82
7,1,4,6,95,24,0,125,0
14,9,4,28,300,128,29,346,81
6,3,-3,7,35,87,11,107,11
11,1,-4,34,96,92,0,222,0
20,4,-6,0,67,13,0,0,80
5,3,-2,16,66,113,10,185,0
5,9,3,12,157,30,0,199,0
8,9,5,5,31,35,0,71,0
5,8,5,2,14,12,0,28,0
7,7,6,0,11,5,0,16,0
7,8,-6,0,5,6,0,11,0
15,8,-6,1,19,23,7,13,23
7,6,-2,29,144,254,0,427,0
14,7,-6,2,26,30,5,31,22
5,2,-3,4,22,67,7,81,5
19,8,-5,0,96,26,6,0,116
14,2,6,0,31,44,0,0,75
15,1,6,0,23,8,2,23,6
18,2,-6,1,40,16,0,0,57
21,4,5,1,6,69,0,0,76
6,3,5,4,11,44,8,48,3
9,4,-4,5,23,94,11,87,24
18,1,6,0,28,3,1,16,14
20,2,6,0,36,10,0,0,46
9,1,6,0,19,11,0,30,0
20,1,5,8,111,17,12,49,75
11,2,6,2,0,47,3,27,19
8,9,-4,9,56,50,0,115,0
5,1,-3,8,105,7,0,120,0
5,8,-4,3,22,9,0,34,0
21,9,4,5,65,87,0,0,157
17,4,5,0,96,62,0,0,158
11,1,6,7,10,9,0,26,0
6,9,8,0,1,1,0,2,0
14,9,5,15,113,46,13,126,35
14,4,6,1,25,41,20,5,42
19,4,6,0,27,12,0,0,39
14,4,-6,1,18,28,12,3,32
17,3,-5,0,72,42,0,0,114
12,10,-6,23,158,89,32,238,0
4,7,3,6,61,20,0,87,0
13,4,5,14,72,116,19,84,99
4,8,-2,2,96,18,0,116,0
16,6,5,1,84,73,53,11,94
5,7,-4,2,29,13,0,44,0
21,4,-6,3,1,34,0,0,38
8,7,-5,2,9,16,0,27,0
7,9,-5,5,17,7,0,29,0
8,9,-5,4,24,12,0,40,0
14,5,5,7,90,104,13,81,107
5,9,7,1,2,2,0,5,0
21,3,6,1,1,25,0,0,27
9,3,6,1,1,39,5,29,7
12,6,7,1,9,15,0,16,9
17,10,7,0,31,6,5,23,9
20,4,7,0,17,4,0,0,21
11,2,-4,5,2,157,13,62,89
8,2,5,3,11,93,10,67,30
15,3,-5,0,48,56,0,0,104
5,9,-4,2,33,8,0,43,0
13,6,-6,0,14,14,3,14,11
18,7,-7,0,5,4,0,0,9
10,10,-7,4,12,17,0,33,0
14,10,-7,5,40,28,9,52,12
15,10,-8,3,17,17,6,22,9
12,8,-8,0,3,1,0,3,1
19,1,-9,0,2,1,0,1,2
7,2,-9,0,0,1,0,0,1
17,5,-9,0,1,0,0,0,1
13,3,-9,0,0,1,0,0,1
4,5,4,2,41,13,0,56,0
5,1,-5,0,18,3,0,21,0
4,10,-4,2,87,10,0,99,0
5,4,-3,7,39,51,0,97,0
20,2,-6,0,65,10,0,0,75
19,3,5,2,82,31,0,0,115
9,5,-5,3,2,37,2,30,10
4,1,4,1,42,3,0,46,0
5,5,-4,3,18,14,0,35,0
15,1,-5,5,106,46,11,104,42
6,1,-4,3,43,10,0,56,0
7,6,5,3,25,38,0,66,0
9,4,7,0,2,10,0,8,4
4,2,4,1,8,22,2,29,0
10,7,5,12,14,89,7,97,11
7,2,6,0,4,16,0,17,3
11,10,7,3,16,13,0,32,0
20,2,7,0,17,2,0,0,19
19,9,6,1,23,6,11,4,15
12,5,-5,4,50,101,14,80,61
9,4,-5,1,2,31,4,18,12
15,6,6,3,44,26,9,31,33
4,4,4,7,23,21,0,51,0
9,10,6,12,61,38,0,111,0
18,1,5,2,65,8,6,39,30
6,8,4,4,86,27,0,117,0
17,10,-7,5,48,20,2,36,35
18,3,-6,0,36,19,0,0,55
10,9,-6,2,10,19,0,31,0
4,6,-1,9,139,57,0,205,0
9,5,-4,12,19,94,8,96,21
6,7,3,21,173,80,0,274,0
11,9,6,4,13,26,2,41,0
12,6,6,4,35,52,6,58,27
4,10,7,0,7,0,0,7,0
21,4,7,0,1,3,0,0,4
14,7,7,1,14,11,2,18,6
13,1,7,1,11,5,3,14,0
18,9,-6,3,33,12,1,21,26
11,3,5,7,5,121,13,63,57
6,8,6,0,8,3,0,11,0
13,4,7,0,20,18,4,16,18
16,7,7,1,12,9,1,14,7
11,1,7,4,7,3,0,14,0
20,6,8,0,8,4,0,0,12
4,8,4,2,38,8,0,48,0
7,2,5,2,4,53,6,39,14
16,1,-5,9,108,41,24,85,49
18,6,-6,0,39,21,0,0,60
6,8,-5,4,18,5,0,27,0
4,6,-5,1,7,1,0,9,0
11,9,-5,6,19,31,5,51,0
6,3,-5,1,5,11,3,13,1
6,5,5,9,17,31,0,57,0
19,3,-7,0,8,4,0,0,12
14,9,-7,2,8,7,2,10,5
14,8,-7,1,3,7,1,7,3
15,5,-7,1,3,9,4,2,7
7,1,-6,2,8,6,0,16,0
17,3,-6,0,23,16,0,0,39
6,7,-4,6,35,21,0,62,0
14,5,6,4,42,33,9,41,29
15,3,7,0,13,12,0,0,25
4,9,3,7,72,11,0,90,0
5,1,-6,1,6,1,0,8,0
18,8,-6,1,34,9,12,4,28
13,10,-7,3,46,26,8,64,3
12,4,6,2,36,56,4,55,35
9,7,6,3,12,19,3,31,0
18,2,7,0,12,4,0,0,16
13,2,6,0,43,40,2,0,81
7,4,5,5,15,56,8,62,6
11,6,-5,3,12,36,5,33,13
19,5,-5,2,78,36,0,0,116
14,9,-6,4,27,23,6,41,7
12,2,-7,0,4,12,2,2,12
11,4,-7,1,0,7,3,3,2
13,2,-7,0,3,9,1,0,11
13,9,-6,5,38,17,6,46,8
11,9,7,0,2,4,0,6,0
16,3,6,1,35,29,0,0,65
17,8,6,2,23,15,3,20,17
21,1,-6,5,23,18,14,0,32
13,4,-6,0,12,34,1,8,37
6,5,-4,5,16,33,0,54,0
8,3,5,3,5,72,7,58,15
18,5,6,0,18,16,0,0,34
12,1,7,2,9,5,1,15,0
11,5,-5,1,3,58,7,25,30
18,4,-6,1,29,15,0,0,45
16,1,6,1,38,7,1,37,8
19,7,6,1,27,12,0,0,40
12,4,7,4,13,17,1,22,11
14,2,8,0,4,5,0,0,9
12,9,8,0,4,1,1,4,0
5,6,4,5,48,30,0,83,0
4,10,4,6,127,7,0,140,0
5,9,4,4,60,14,0,78,0
21,5,5,3,9,49,0,0,61
5,8,6,1,11,2,0,14,0
17,6,7,0,8,7,1,0,14
16,6,7,1,3,5,5,0,4
14,10,7,3,49,22,6,59,9
12,10,8,2,14,5,1,20,0
12,6,9,0,3,4,0,5,2
13,6,9,0,2,2,1,3,0
8,3,6,2,3,31,1,24,11
21,8,6,1,8,11,0,0,20
8,6,8,1,1,3,0,5,0
13,5,9,0,2,0,0,1,1
15,10,9,0,5,1,0,6,0
21,1,8,0,1,0,0,0,1
19,6,8,0,1,1,0,0,2
20,9,8,0,2,0,1,0,1
21,8,7,0,7,6,0,0,13
20,8,7,0,10,3,0,0,13
6,6,6,5,4,4,0,13,0
4,9,-2,3,113,10,0,126,0
17,2,5,1,74,59,0,0,134
12,7,6,1,40,23,2,50,12
9,6,8,0,0,5,2,3,0
20,8,8,0,4,2,0,0,6
9,1,9,0,2,0,0,2,0
13,10,8,2,15,6,1,21,1
19,4,8,0,3,1,0,0,4
20,10,7,1,40,6,21,9,17
16,2,8,0,4,2,0,0,6
12,1,8,0,3,4,1,6,0
11,6,6,4,5,33,2,32,8
6,5,6,2,6,11,0,19,0
4,3,3,5,41,64,0,110,0
10,9,6,3,13,14,0,30,0
18,10,7,2,19,4,3,15,7
18,8,5,5,56,18,26,5,48
7,3,7,0,2,3,0,5,0
12,8,7,1,9,7,1,10,6
10,3,8,0,0,4,0,3,1
9,5,-6,3,1,12,1,14,1
11,1,-6,3,15,7,0,25,0
17,7,-6,0,35,25,19,1,40
13,2,7,0,10,11,1,0,20
12,10,7,3,40,16,3,56,0
18,10,6,5,82,16,6,53,44
17,9,6,2,30,10,4,22,16
6,1,5,2,31,8,0,41,0
16,1,5,3,103,21,5,82,40
21,4,6,0,3,26,0,0,29
10,7,7,0,0,11,1,8,2
10,6,5,7,19,105,3,114,14
8,9,-7,1,2,1,0,4,0
14,8,6,3,31,25,6,34,19
14,7,6,5,39,19,3,38,22
10,1,6,6,9,12,0,27,0
20,9,6,0,36,6,3,0,39
7,3,6,2,3,19,0,22,2
11,8,-6,1,6,15,0,20,2
15,6,-7,0,5,6,1,3,7
21,2,-8,0,0,2,0,0,2
18,1,-9,0,0,1,0,0,1
21,1,-9,0,1,0,0,0,1
9,2,6,2,1,29,1,24,7
20,6,-6,0,76,3,0,0,79
11,9,-6,3,6,13,4,18,0
20,5,-7,0,23,3,0,0,26
15,7,-7,3,6,7,1,5,10
8,1,-7,1,3,2,0,6,0
12,3,-7,1,3,7,0,5,6
4,9,4,2,31,2,0,35,0
20,9,-6,0,90,14,9,0,95
10,2,-7,0,0,3,0,2,1
18,7,-8,0,3,3,0,0,6
20,5,-9,0,3,0,0,0,3
9,8,6,2,8,18,0,28,0
19,1,5,1,46,16,4,21,38
5,9,5,1,29,5,0,35,0
16,8,6,1,46,12,1,38,20
16,6,-6,0,20,16,11,2,23
12,3,-5,7,33,96,11,35,90
10,3,-6,2,1,12,3,8,4
11,4,-5,2,2,54,7,26,25
7,7,-5,4,8,22,0,34,0
8,5,-7,1,1,2,0,3,1
5,6,7,1,5,1,0,7,0
15,6,7,1,11,9,1,11,9
15,6,-6,0,21,22,2,17,24
21,3,5,2,5,65,0,0,72
18,1,7,1,4,1,1,3,2
20,8,-6,0,79,4,0,0,83
13,1,-7,1,12,10,2,19,2
6,2,-6,0,0,6,3,3,0
8,2,-7,0,0,4,1,1,2
15,7,-8,0,4,3,0,1,6
21,4,-7,1,2,8,0,0,11
9,4,-6,0,0,15,2,6,7
8,1,5,8,39,17,0,64,0
7,1,6,0,11,3,0,14,0
17,7,7,1,1,3,2,0,3
15,10,7,4,50,11,7,48,10
21,5,7,2,2,7,0,0,11
18,9,7,0,8,2,0,2,8
13,6,-5,6,49,87,17,72,53
19,8,-6,0,34,14,3,0,45
12,5,-8,1,4,2,1,4,2
13,1,-8,1,4,1,0,6,0
13,10,-8,1,13,10,5,18,1
15,8,-8,0,8,4,2,4,6
18,6,6,0,24,15,0,0,39
13,7,6,2,32,32,6,44,16
8,7,6,2,11,17,0,30,0
21,7,-7,0,4,10,0,0,14
4,2,3,9,23,55,1,86,0
5,10,-6,0,28,1,0,29,0
14,2,-6,1,18,29,0,0,48
6,2,-4,3,5,42,5,41,4
12,3,-6,2,7,31,2,11,27
21,2,-6,0,0,34,0,0,34
15,4,-7,0,6,5,0,0,11
19,9,-7,1,10,4,5,0,10
21,10,-9,2,5,1,0,0,8
18,9,-9,0,1,1,0,0,2
14,8,-9,0,1,0,0,0,1
10,1,-9,0,0,1,0,1,0
11,1,-9,0,3,0,0,3,0
10,7,-6,2,9,13,1,22,1
8,5,5,1,17,74,2,79,11
4,2,-2,7,28,64,7,92,0
13,3,-6,1,17,30,9,3,36
21,10,-8,1,5,14,1,0,19
8,6,-7,0,1,1,0,2,0
11,10,-8,2,4,7,0,13,0
21,6,-9,0,0,4,0,0,4
10,2,-8,0,0,3,0,0,3
15,2,-8,0,1,3,0,0,4
19,6,-6,0,26,8,0,0,34
11,6,-6,0,4,13,2,9,6
7,8,-5,4,17,10,0,31,0
16,9,-6,2,26,19,2,28,17
7,7,5,6,16,23,0,45,0
14,1,7,2,17,3,1,19,2
15,7,7,2,7,4,1,8,4
14,9,7,2,9,4,1,14,0
16,10,7,3,36,8,1,31,15
6,2,8,0,0,3,0,3,0
10,10,8,1,7,5,0,13,0
12,2,9,0,1,2,1,0,2
13,10,9,1,4,0,0,5,0
8,8,6,3,14,9,0,26,0
5,1,5,1,19,3,0,23,0
11,2,8,0,0,2,0,1,1
4,10,-5,2,30,4,0,36,0
11,7,7,2,0,7,0,6,3
17,8,-6,0,26,15,4,13,24
6,6,-5,4,14,8,0,26,0
6,4,5,3,10,28,4,37,0
13,8,-6,2,32,26,5,39,16
12,2,-6,2,9,33,12,3,29
4,8,-6,0,4,0,0,4,0
8,8,-5,8,18,19,0,45,0
16,4,6,1,22,20,0,0,43
6,4,6,1,5,15,3,18,0
18,4,7,0,8,9,0,0,17
17,1,7,0,5,1,0,4,2
14,3,7,0,12,13,3,0,22
8,3,-4,2,11,78,6,59,26
7,1,7,0,3,0,0,3,0
19,5,9,0,2,0,0,0,2
18,8,6,1,25,8,13,4,17
5,5,-3,15,44,40,0,99,0
18,8,-8,0,6,6,4,0,8
17,4,-7,0,3,5,0,0,8
8,6,-5,2,13,13,2,26,0
18,4,6,1,37,13,0,0,51
21,2,7,0,0,8,0,0,8
9,6,6,2,7,19,1,24,3
6,7,-5,1,11,10,0,22,0
21,8,-6,2,12,22,0,0,36
17,5,-6,0,15,18,0,0,33
5,6,-5,0,7,4,0,11,0
21,1,-8,1,2,1,1,0,3
14,5,-8,0,3,3,0,2,4
17,2,-7,0,5,2,0,0,7
17,6,6,0,24,20,1,0,43
16,7,-7,0,5,7,2,1,9
13,2,-6,0,17,36,4,0,49
8,4,6,1,5,24,1,27,2
15,1,-6,1,41,21,4,46,13
19,5,-7,0,8,5,0,0,13
9,8,7,1,2,3,0,6,0
5,7,8,0,5,1,0,6,0
13,9,7,0,7,7,1,10,3
7,2,7,0,1,7,0,7,1
19,9,7,1,7,2,6,1,3
19,10,7,1,24,4,1,18,10
11,5,6,2,4,34,5,24,11
7,10,6,8,51,17,0,76,0
5,9,6,0,11,2,0,13,0
10,8,-5,2,8,39,9,40,0
7,7,-7,0,3,1,0,4,0
10,6,7,0,4,14,0,17,1
12,2,8,0,5,5,3,1,6
11,5,8,0,0,5,1,1,3
13,3,7,1,6,10,7,2,8
18,5,-7,0,7,4,0,0,11
14,7,-7,0,8,11,1,8,10
18,10,-8,1,11,3,0,5,10
14,3,-7,0,5,9,0,0,14
20,1,-8,0,5,0,1,2,2
13,2,-8,0,0,2,0,0,2
7,5,6,2,7,24,0,33,0
10,7,6,2,8,23,0,31,2
21,1,5,9,16,39,15,0,49
16,4,7,0,9,15,0,0,24
16,9,7,1,7,6,0,9,5
6,5,-5,1,10,13,0,24,0
4,8,-3,1,44,9,0,54,0
11,4,6,3,5,52,2,39,19
17,4,7,1,9,7,0,0,17
6,2,6,1,2,16,2,14,3
9,7,-4,10,45,88,6,137,0
9,7,-5,4,13,39,6,50,0
4,6,6,0,5,1,0,6,0
15,8,7,0,16,0,1,10,5
5,4,6,2,3,6,0,11,0
14,7,8,0,4,3,0,3,4
17,2,9,0,1,1,0,0,2
8,10,9,0,1,1,0,2,0
4,6,4,2,25,11,0,38,0
21,7,5,2,9,43,0,0,54
5,5,6,1,4,5,0,10,0
4,6,5,3,15,2,0,20,0
8,1,6,1,15,6,0,22,0
19,5,-6,1,22,12,0,0,35
21,3,-5,2,2,101,0,0,105
6,8,5,3,34,11,0,48,0
12,10,-8,1,15,12,2,26,0
12,1,-8,2,4,1,0,7,0
7,9,7,1,4,4,0,9,0
21,5,-7,0,1,7,0,0,8
5,3,-4,2,6,23,4,27,0
15,3,-7,0,4,6,0,0,10
16,3,-6,0,18,18,0,0,36
4,4,-5,1,3,4,0,8,0
19,9,-6,2,32,8,15,1,26
10,4,-5,1,3,39,2,23,18
14,8,7,1,6,12,0,15,4
15,1,7,0,12,5,0,10,7
6,3,-6,1,2,2,1,4,0
18,3,-7,0,10,7,0,0,17
11,7,6,0,8,27,3,28,4
17,9,7,2,12,1,1,7,7
17,1,8,1,3,1,0,4,1
6,4,-5,3,8,14,1,24,0
14,5,-6,2,15,22,5,10,24
16,1,-6,6,44,16,7,42,17
17,3,-7,0,9,3,0,0,12
8,10,-6,5,46,22,0,73,0
11,8,-5,3,12,45,4,50,6
11,5,-8,0,0,2,1,1,0
17,8,-10,0,0,1,0,0,1
17,9,-7,1,12,5,3,10,5
7,4,6,2,5,18,1,22,2
9,5,6,3,4,26,1,28,4
4,4,5,1,7,11,0,19,0
10,2,6,3,0,48,7,25,19
7,8,7,0,6,5,0,11,0
18,4,8,0,0,4,0,0,4
21,7,6,2,5,9,0,0,16
14,5,7,0,12,11,0,14,9
9,7,-6,0,2,18,3,17,0
16,4,-6,0,17,20,0,0,37
19,7,-7,0,8,2,0,0,10
20,8,-7,0,22,7,0,0,29
16,3,7,0,11,7,0,0,18
5,10,-9,0,1,0,0,1,0
15,4,-9,0,1,1,0,0,2
9,10,-10,0,1,0,0,1,0
13,7,-6,3,22,33,4,33,21
4,4,7,0,1,1,0,2,0
6,4,-6,2,0,6,1,7,0
10,4,-6,3,2,12,1,12,4
10,7,-5,1,8,35,4,37,3
11,4,-6,0,3,11,0,8,6
4,3,4,7,16,31,0,54,0
15,7,6,1,28,21,6,19,25
17,2,7,0,10,11,0,0,21
15,9,8,0,6,0,0,4,2
4,8,-4,1,12,5,0,18,0
16,5,7,0,12,4,1,0,15
10,4,7,0,2,12,1,10,3
19,6,7,0,9,4,0,0,13
11,10,-7,0,17,18,0,35,0
12,9,-7,2,13,5,1,16,3
13,10,-9,3,2,2,1,5,1
9,9,-8,1,0,1,0,2,0
7,8,6,0,13,13,0,26,0
4,3,-4,0,7,15,0,22,0
13,7,-7,1,8,12,2,6,13
8,2,-5,1,2,24,4,12,11
8,1,-5,0,25,16,0,41,0
15,9,-6,7,30,16,5,34,14
11,4,-9,0,0,1,1,0,0
15,8,6,2,27,17,5,26,15
17,1,-7,1,15,2,1,13,4
13,6,-7,1,4,4,0,8,1
5,4,5,3,5,18,0,26,0
10,6,-6,1,2,17,2,14,4
12,4,-7,0,3,10,1,3,9
20,9,-7,1,16,2,2,0,17
11,7,-6,2,4,8,0,13,1
8,6,6,1,5,15,2,19,0
20,8,6,0,35,8,0,0,43
10,2,-6,0,0,14,5,6,3
20,7,-8,0,8,3,0,0,11
16,4,-8,0,1,2,0,0,3
13,9,-8,1,3,4,2,4,2
9,3,-7,1,0,3,1,2,1
17,2,-6,0,29,11,0,0,40
17,8,-7,1,9,6,1,4,11
14,5,-7,1,6,3,0,6,4
16,2,7,0,11,5,0,0,16
13,7,7,2,14,7,2,16,5
17,5,7,0,8,5,0,0,13
11,6,7,0,3,14,3,8,6
21,9,6,1,3,8,0,0,12
4,1,-4,0,18,0,0,18,0
19,7,-8,0,3,2,0,0,5
19,8,-8,0,3,2,0,0,5
16,4,-7,1,4,6,0,0,11
6,2,-7,0,0,2,0,2,0
20,4,-7,2,17,2,0,0,21
11,9,-7,0,2,6,1,7,0
5,5,-5,3,10,12,0,25,0
8,6,-6,0,5,4,0,9,0
18,9,-7,0,8,5,1,5,7
9,6,-6,0,5,5,0,9,1
5,8,-5,2,6,4,0,12,0
4,7,-4,4,23,5,0,32,0
20,3,-7,0,16,2,0,0,18
8,6,7,1,5,4,1,9,0
9,8,8,1,6,4,0,11,0
21,9,-7,1,3,3,0,0,7
12,2,7,0,11,18,15,2,12
9,1,-5,7,34,17,0,58,0
7,1,-7,0,3,0,0,3,0
8,10,-7,4,8,3,0,15,0
19,6,-7,1,6,3,0,0,10
11,2,-7,0,0,8,0,3,5
13,8,-7,0,6,8,1,7,6
19,1,-8,0,3,1,0,2,2
11,8,6,4,9,28,4,35,2
18,1,-7,1,8,5,1,4,9
4,10,6,1,10,0,0,11,0
18,8,-7,0,11,3,3,0,11
12,5,7,0,10,15,3,12,10
12,7,7,0,13,8,2,18,1
7,7,-6,1,3,3,0,7,0
4,6,-4,0,13,5,0,18,0
15,2,7,0,9,7,0,0,16
11,7,8,0,0,6,1,5,0
9,2,9,0,0,1,0,1,0
12,6,8,0,1,2,0,1,2
10,10,9,0,1,4,0,5,0
8,4,-7,0,2,2,0,4,0
9,5,-7,0,0,4,0,4,0
18,2,6,0,31,10,0,0,41
11,4,7,1,3,18,3,14,5
10,10,7,7,19,16,0,42,0
9,4,6,4,8,29,2,32,7
10,2,-5,2,0,52,3,22,29
14,6,-6,2,9,21,3,11,18
18,5,7,0,9,4,0,0,13
16,7,8,0,3,1,0,1,3
15,2,9,0,1,2,0,0,3
20,10,8,0,11,1,3,1,8
19,10,8,0,14,0,4,7,3
10,9,9,2,1,1,0,4,0
5,1,10,0,1,0,0,1,0
12,3,10,0,1,0,0,1,0
13,7,10,0,0,1,0,0,1
5,2,5,1,5,26,0,31,1
8,7,7,0,8,7,0,15,0
5,1,-4,6,41,6,0,53,0
19,3,7,1,11,2,0,0,14
4,9,7,0,1,0,0,1,0
13,3,8,0,3,5,3,0,5
9,2,-5,1,1,36,3,18,17
7,9,-8,0,1,0,0,1,0
20,2,-8,0,9,2,0,0,11
20,7,6,1,41,15,0,0,57
12,6,-6,1,16,20,3,22,12
4,3,-5,1,4,1,0,6,0
8,2,6,3,2,38,5,28,10
19,1,7,0,6,1,0,3,4
4,2,7,0,1,2,0,3,0
13,5,8,0,2,7,3,4,2
14,6,-7,1,8,7,2,9,5
9,4,-7,0,1,4,1,3,1
9,3,-6,1,1,7,0,6,3
12,7,-7,0,6,3,0,8,1
17,1,-9,0,1,0,0,1,0
20,9,-10,0,1,0,0,0,1
12,2,-11,0,0,1,0,0,1
7,4,-5,0,2,14,2,13,1
19,10,-8,3,14,3,1,8,11
15,2,8,0,4,4,0,0,8
8,4,-6,1,0,7,1,6,1
5,3,-6,0,1,4,2,3,0
10,8,-7,0,4,5,0,9,0
4,3,6,1,3,3,0,7,0
4,6,8,0,3,0,0,3,0
20,7,7,0,12,1,0,0,13
21,9,7,1,2,3,0,0,6
17,5,-7,0,9,3,0,0,12
8,7,-7,0,2,1,0,3,0
20,8,-8,0,9,0,0,0,9
11,5,-7,0,2,6,1,5,2
10,6,-7,0,1,4,2,3,0
8,1,-6,0,9,2,0,11,0
8,3,-6,1,1,9,1,8,2
20,5,7,0,10,3,0,0,13
16,1,-9,1,3,0,1,2,1
5,6,-8,0,0,1,0,1,0
7,3,-7,0,0,4,0,2,2
5,4,-5,1,5,7,0,13,0
20,3,7,0,13,6,0,0,19
5,7,5,1,23,8,0,32,0
4,8,-8,0,1,0,0,1,0
21,7,-9,0,1,2,0,0,3
15,1,-9,0,4,1,0,5,0
14,2,7,0,9,7,0,0,16
10,2,7,1,1,12,0,8,6
7,5,-5,3,6,15,0,24,0
5,3,5,6,7,15,2,26,0
4,10,-6,0,16,0,0,16,0
8,7,-6,1,2,11,0,14,0
21,6,-7,2,1,6,0,0,9
7,10,-7,0,15,2,0,17,0
9,10,-9,0,1,1,0,2,0
14,10,-8,2,12,4,2,12,4
13,5,-6,2,14,28,6,17,21
9,2,-7,1,0,6,0,5,2
7,2,-6,1,3,12,2,8,6
7,7,7,1,3,3,0,7,0
8,2,7,0,0,8,1,6,1
10,9,7,1,7,5,0,13,0
16,1,7,0,10,1,0,8,3
4,2,5,0,6,11,1,16,0
19,5,-9,0,2,0,0,0,2
15,5,-8,0,3,1,1,2,1
19,2,-8,0,2,0,0,0,2
8,8,-6,1,7,4,0,12,0
4,2,6,0,1,9,2,8,0
10,4,-7,1,0,5,0,3,3
11,9,-8,0,2,1,0,3,0
21,1,-7,0,6,4,3,0,7
10,7,-7,0,2,5,0,6,1
8,10,-8,1,4,3,0,8,0
14,2,-7,0,6,7,0,0,13
16,6,-7,0,3,2,3,0,2
15,5,7,1,12,5,8,4,6
6,9,7,2,2,0,0,4,0
13,3,-7,0,5,11,3,1,12
6,4,-7,0,0,2,0,2,0
10,5,-6,0,2,13,0,11,4
4,9,-5,1,8,0,0,9,0
15,9,-8,0,5,0,0,3,2
6,4,-4,3,21,35,7,52,0
7,2,-5,1,4,23,3,16,9
5,10,6,1,31,3,0,35,0
7,9,-6,1,7,3,0,11,0
6,4,7,1,1,4,1,5,0
15,4,7,0,14,7,2,0,19
21,1,6,6,5,7,9,0,9
15,10,8,3,13,1,1,15,1
7,10,7,0,11,4,0,15,0
19,8,7,0,4,0,0,0,4
6,5,-6,0,2,2,0,4,0
6,6,-7,0,0,1,0,1,0
11,5,-6,2,2,11,1,11,3
11,8,8,0,1,1,0,2,0
10,1,-6,3,14,9,0,26,0
4,1,-5,1,6,0,0,7,0
8,7,9,0,0,1,0,1,0
5,2,-5,1,2,11,0,10,4
5,8,-7,0,3,0,0,3,0
20,9,-8,0,8,1,0,0,9
20,1,-9,1,1,0,0,1,1
7,6,7,1,4,7,0,12,0
21,6,8,0,0,1,0,0,1
20,3,8,0,4,1,0,0,5
21,5,6,0,4,18,0,0,22
11,6,9,0,1,1,0,2,0
20,2,8,0,2,0,0,0,2
8,8,10,1,1,0,0,2,0
11,8,10,0,0,1,0,1,0
14,3,10,0,1,1,0,0,2
10,3,11,0,0,1,0,0,1
10,5,7,1,2,15,0,16,2
20,5,8,0,3,3,0,0,6
5,5,-6,0,3,3,0,6,0
21,5,-8,0,0,3,0,0,3
7,9,6,3,14,5,0,22,0
14,8,8,0,3,4,0,4,3
21,5,8,0,1,3,0,0,4
11,2,-6,0,0,14,1,2,11
5,1,6,0,7,1,0,8,0
5,7,6,0,8,7,0,15,0
21,7,7,0,1,2,0,0,3
5,4,-4,3,14,21,0,38,0
19,7,7,0,7,4,0,0,11
11,1,8,0,2,1,0,3,0
5,10,-8,0,3,0,0,3,0
6,5,-8,0,1,0,0,1,0
6,10,-7,1,4,1,0,6,0
10,10,-8,0,5,5,0,10,0
19,7,-9,0,1,0,0,0,1
20,6,-9,0,1,0,0,0,1
11,9,-9,1,0,0,0,1,0
13,9,-9,0,2,0,0,1,1
9,9,7,1,3,6,0,10,0
5,10,8,0,5,0,0,5,0
13,6,8,1,4,5,1,7,2
14,10,8,0,7,6,0,8,5
11,10,9,1,3,0,0,4,0
17,3,7,0,7,4,0,0,11
11,4,8,0,0,3,1,1,1
19,2,-7,0,6,4,0,0,10
20,7,-9,0,4,0,0,0,4
21,10,-11,0,0,1,0,0,1
17,4,-11,0,0,1,0,0,1
12,4,-11,0,2,0,0,0,2
15,4,-11,0,0,1,0,0,1
8,5,7,0,4,10,3,11,0
13,7,8,0,3,1,0,4,0
14,1,-7,2,11,8,1,18,2
18,1,-8,0,4,2,1,1,4
4,9,6,0,4,3,0,7,0
19,4,-8,0,4,1,0,0,5
7,1,-8,0,1,0,0,1,0
5,7,-7,0,1,1,0,2,0
21,2,-9,0,0,2,0,0,2
4,10,-7,0,2,0,0,2,0
11,6,-7,0,2,5,1,5,1
6,7,-7,0,3,2,0,5,0
16,9,-8,0,3,3,1,3,2
18,5,8,0,2,2,0,0,4
16,5,8,0,2,3,1,0,4
4,7,7,0,3,0,0,3,0
5,2,7,2,1,2,0,5,0
11,9,8,0,3,2,0,5,0
19,10,-9,1,4,2,1,2,4
12,8,-7,1,13,10,3,18,3
17,3,-8,0,1,2,0,0,3
12,9,-8,0,2,3,1,3,1
10,2,9,0,0,2,2,0,0
14,7,-8,0,1,2,1,0,2
14,6,7,0,6,5,1,5,5
6,1,-5,2,23,0,0,25,0
18,7,-9,0,4,0,0,0,4
4,2,8,0,0,1,0,1,0
18,1,8,0,4,0,1,2,1
20,9,7,0,9,1,0,0,10
8,2,-6,0,1,9,2,4,4
20,2,-7,0,19,2,0,0,21
13,7,-8,1,3,5,0,6,3
6,2,-5,0,4,8,0,12,0
16,6,8,0,3,3,3,0,3
19,9,8,0,1,1,1,0,1
21,9,-8,0,0,3,0,0,3
11,1,-7,2,2,5,0,9,0
6,8,-7,0,1,2,0,3,0
6,3,-7,0,0,2,0,2,0
16,10,-8,0,8,8,1,6,9
9,7,-8,0,1,2,1,2,0
5,10,-7,0,5,1,0,6,0
5,10,7,1,6,1,0,8,0
12,9,7,0,12,6,1,14,3
14,10,-10,0,2,0,0,2,0
17,4,6,0,34,23,0,0,57
12,3,8,1,3,8,2,5,5
19,7,-6,0,23,9,0,0,32
8,7,-8,0,2,0,0,2,0
7,9,8,0,2,2,0,4,0
18,7,7,0,1,2,0,0,3
21,6,6,1,5,13,0,0,19
16,8,7,1,10,3,0,12,2
7,6,8,0,1,4,0,5,0
13,9,9,0,1,2,0,3,0
17,3,10,0,0,1,0,0,1
15,5,10,0,1,0,0,0,1
11,2,7,0,0,20,2,9,9
5,7,-5,0,12,4,0,16,0
20,4,-9,0,1,0,0,0,1
15,6,-8,0,5,1,0,3,3
9,6,-8,0,1,2,0,2,1
15,9,7,2,8,1,0,9,2
9,1,7,0,6,4,0,10,0
10,8,7,0,1,4,0,5,0
16,8,-7,0,8,9,0,7,10
17,7,-8,0,4,1,1,0,4
5,9,-7,0,1,1,0,2,0
10,1,-7,0,4,5,0,9,0
10,7,-8,0,0,1,0,0,1
13,4,-7,0,2,11,2,2,9
20,3,-8,0,7,0,0,0,7
17,7,8,0,3,2,2,2,1
12,4,9,0,0,1,0,0,1
4,8,5,0,15,2,0,17,0
16,9,8,1,2,1,0,3,1
15,8,-7,0,9,3,0,8,4
4,3,5,1,1,6,0,8,0
6,10,7,0,13,2,0,15,0
18,10,-9,1,5,2,2,1,5
4,1,5,1,13,0,0,14,0
8,1,7,0,7,2,0,9,0
13,3,9,0,1,1,1,0,1
20,10,-9,0,6,2,3,0,5
10,10,-9,1,2,0,0,3,0
18,7,-10,0,1,0,0,0,1
11,10,-9,0,0,1,0,1,0
20,8,-10,0,1,0,0,0,1
20,4,-11,0,0,1,0,0,1
4,7,-5,3,6,3,0,12,0
10,9,8,1,3,2,0,6,0
17,10,8,2,8,1,0,7,4
5,9,8,0,1,0,0,1,0
19,2,9,0,0,1,0,0,1
9,2,-6,1,1,11,1,9,3
13,8,7,1,10,5,1,11,4
14,7,9,0,2,0,0,2,0
11,3,-6,0,2,11,1,6,6
14,6,8,0,5,0,0,3,2
4,5,-4,0,11,5,0,16,0
6,1,-6,0,7,4,0,11,0
10,5,-8,0,0,2,0,1,1
14,7,-9,2,1,1,0,3,1
10,4,8,0,0,3,1,1,1
12,9,9,0,4,0,1,3,0
20,6,7,0,10,2,0,0,12
16,6,9,1,0,2,2,0,1
14,4,8,0,2,4,3,2,1
7,8,9,0,1,1,0,2,0
7,4,-7,0,0,2,0,2,0
15,2,-7,0,6,4,0,0,10
18,10,8,1,7,4,2,3,7
15,1,8,0,1,2,0,2,1
11,3,10,0,0,1,0,0,1
8,9,11,0,0,1,0,1,0
6,9,-6,1,3,4,0,8,0
13,5,-7,0,6,8,1,6,7
19,3,8,0,5,1,0,0,6
16,4,8,0,2,5,0,0,7
5,3,-5,6,4,9,1,18,0
10,9,-7,0,2,6,0,8,0
4,2,-4,0,5,11,2,14,0
16,8,8,1,5,2,1,4,3
12,6,-8,0,3,2,0,4,1
10,1,-8,0,0,2,0,2,0
13,5,-8,0,2,2,0,0,4
6,5,-7,0,0,2,0,2,0
5,2,6,1,4,8,1,11,1
6,4,8,0,0,1,0,1,0
11,8,7,0,3,9,1,11,0
16,10,8,1,6,3,1,5,4
19,2,7,0,7,3,0,0,10
10,5,8,0,0,6,0,3,3
16,3,8,0,4,0,0,0,4
21,3,8,0,0,4,0,0,4
13,2,8,0,3,8,1,0,10
6,1,7,0,4,1,0,5,0
8,3,7,1,3,10,2,11,1
17,1,-8,0,3,1,0,3,1
15,7,-9,1,2,0,1,1,1
14,2,-9,0,1,1,0,0,2
8,5,-8,0,1,1,0,2,0
5,3,-7,0,0,1,0,1,0
12,1,-9,0,1,0,0,1,0
14,6,-10,0,2,0,0,2,0
19,10,-11,0,1,0,0,1,0
9,9,9,0,1,0,0,1,0
4,7,5,0,8,1,0,9,0
8,4,8,0,0,3,0,2,1
16,4,9,0,3,0,0,0,3
12,8,9,0,1,1,0,1,1
18,2,8,0,1,3,0,0,4
16,1,8,1,3,1,1,4,0
6,8,9,0,1,0,0,1,0
8,10,10,0,1,0,0,1,0
9,2,7,0,0,11,1,3,7
15,7,8,0,3,3,1,3,2
19,2,8,0,2,1,0,0,3
9,10,9,0,2,1,0,3,0
6,6,7,1,2,2,0,5,0
11,7,-7,0,0,2,0,0,2
14,8,-8,1,1,3,1,2,2
10,9,-8,0,1,0,0,1,0
8,5,-6,0,2,3,0,4,1
8,4,7,0,2,13,3,11,1
16,6,-8,0,2,0,1,0,1
12,2,-8,0,1,2,1,1,1
9,2,8,0,0,3,0,2,1
9,10,-8,1,8,3,0,12,0
8,6,-8,0,0,2,1,1,0
4,4,6,1,2,2,0,5,0
18,3,7,0,6,5,0,0,11
21,4,-8,1,0,2,0,0,3
6,2,-8,0,0,1,0,1,0
21,7,-8,0,0,4,0,0,4
4,3,8,0,1,1,0,2,0
18,4,9,0,1,1,0,0,2
20,1,9,0,3,0,1,2,0
17,2,10,0,1,0,0,0,1
17,2,8,1,4,2,0,0,7
4,5,-5,0,6,1,0,7,0
6,3,6,0,4,13,1,16,0
9,6,-7,0,1,1,1,1,0
21,6,-8,0,3,2,0,0,5
6,9,6,0,12,7,0,19,0
18,6,7,0,7,6,0,0,13
5,9,-6,1,6,0,0,7,0
10,8,8,0,2,3,0,5,0
20,4,-8,0,4,0,0,0,4
12,10,-9,1,4,1,0,6,0
20,7,-10,0,1,0,0,0,1
14,2,-10,0,0,1,0,0,1
8,4,-10,0,0,1,0,1,0
15,3,-8,0,0,1,0,0,1
5,2,-6,0,1,3,0,4,0
17,10,-9,0,0,2,0,1,1
13,8,8,0,1,4,0,5,0
5,2,8,0,0,1,0,1,0
7,5,-6,1,4,1,0,6,0
9,9,-7,0,3,2,0,5,0
7,10,8,0,1,3,0,4,0
8,1,9,0,1,0,0,1,0
20,5,9,0,4,0,0,0,4
15,3,9,0,0,2,0,0,2
18,8,9,0,1,0,1,0,0
4,1,7,0,1,0,0,1,0
12,3,9,0,1,0,0,1,0
20,3,9,0,5,0,0,0,5
15,10,-9,0,2,0,0,2,0
16,10,-10,1,1,0,0,1,1
8,5,-5,0,6,13,0,18,1
7,6,-6,1,4,3,0,8,0
21,3,7,0,1,2,0,0,3
17,4,8,0,2,1,0,0,3
8,6,9,0,1,2,1,2,0
20,10,9,1,2,0,2,0,1
12,4,8,0,4,6,0,9,1
8,3,9,0,0,2,0,2,0
7,4,7,0,0,9,1,8,0
11,3,8,0,0,7,0,4,3
17,8,8,1,1,0,1,1,0
14,1,9,0,1,0,0,1,0
18,7,8,0,4,2,1,0,5
8,9,7,1,4,0,0,5,0
12,7,8,0,2,3,0,3,2
8,8,7,2,3,3,0,8,0
17,3,8,0,1,5,0,0,6
5,1,9,0,0,1,0,1,0
10,3,-7,1,0,5,0,2,4
18,2,-8,0,2,3,0,0,5
15,9,-9,0,1,0,1,0,0
11,5,7,0,0,8,0,4,4
11,10,8,1,1,8,0,10,0
18,8,8,0,6,1,3,0,4
8,8,8,0,2,1,0,3,0
6,1,8,0,1,1,0,2,0
8,3,8,0,1,2,0,2,1
15,5,9,0,0,1,0,0,1
17,4,-9,0,4,1,0,0,5
17,9,8,0,2,1,0,1,2
8,7,8,0,2,1,0,3,0
6,7,-6,1,4,1,0,6,0
17,5,8,0,2,4,0,0,6
16,3,-8,0,3,4,0,0,7
14,6,-8,0,1,1,0,1,1
17,9,-8,0,1,1,0,1,1
5,6,-7,0,0,1,0,1,0
17,8,-8,0,3,1,1,1,2
7,9,-7,0,2,1,0,3,0
6,6,8,2,1,1,0,4,0
21,9,-10,1,0,0,0,0,1
15,1,-11,1,0,0,0,1,0
18,4,-11,0,1,0,0,0,1
13,2,-11,0,1,0,0,0,1
12,10,-11,0,1,0,0,1,0
15,8,-11,0,1,0,0,1,0
16,9,-9,0,2,0,0,1,1
9,8,-8,0,1,2,0,3,0
21,10,8,0,4,0,1,0,3
21,6,7,0,1,1,0,0,2
4,9,5,1,9,4,0,14,0
9,8,-7,0,1,0,0,1,0
9,7,-7,0,0,2,0,2,0
11,8,-7,1,0,3,1,3,0
11,8,-8,0,1,3,0,3,1
4,3,7,0,1,1,0,2,0
9,7,8,0,2,3,0,5,0
5,4,-6,0,3,2,0,5,0
9,7,7,1,4,5,0,10,0
7,10,9,0,2,1,0,3,0
6,5,7,0,0,2,0,2,0
7,8,8,1,0,0,0,1,0
4,7,-6,0,0,2,0,2,0
14,5,9,0,0,1,0,1,0
14,10,9,0,5,3,0,7,1
12,5,8,0,1,3,0,3,1
5,4,-7,0,1,1,0,2,0
14,8,9,0,0,1,0,0,1
8,9,8,0,2,0,0,2,0
14,4,-7,0,5,5,4,0,6
8,4,-8,0,0,2,0,1,1
13,1,8,0,3,0,0,3,0
21,1,7,2,1,1,2,0,2
15,4,9,0,2,1,0,0,3
18,4,10,0,0,1,0,0,1
14,6,10,0,0,1,0,1,0
20,2,10,0,1,0,0,0,1
12,1,10,0,1,2,1,2,0
21,6,9,1,0,0,0,0,1
15,8,10,0,1,1,0,1,1
14,9,10,0,0,1,0,0,1
13,10,10,0,1,1,0,2,0
19,5,-8,0,1,1,0,0,2
20,5,-8,0,5,1,0,0,6
13,10,-10,0,1,1,0,1,1
14,2,-8,0,0,2,0,0,2
18,5,-8,0,3,0,0,0,3
21,2,-7,0,1,7,0,0,8
5,7,7,1,6,0,0,7,0
6,2,7,0,0,2,1,1,0
17,4,9,0,0,1,0,0,1
12,10,9,1,2,1,0,4,0
12,3,-8,0,1,3,0,2,2
5,9,-9,0,1,0,0,1,0
14,1,-8,0,0,2,2,0,0
10,3,-8,0,0,2,0,0,2
20,8,-9,0,3,0,0,0,3
17,8,-9,0,1,0,0,1,0
11,4,9,0,0,2,0,2,0
6,7,7,0,1,2,0,3,0
21,2,8,0,0,2,0,0,2
11,7,9,0,0,2,0,2,0
4,6,7,0,4,1,0,5,0
15,8,8,0,2,1,0,1,2
14,9,-8,0,1,1,0,1,1
15,5,8,0,4,2,4,1,1
12,4,-8,0,1,5,1,1,4
9,1,-8,0,4,2,0,6,0
4,1,-8,0,2,0,0,2,0
9,5,-8,0,0,1,0,0,1
15,6,9,0,1,0,0,1,0
14,4,9,0,2,0,2,0,0
21,2,9,0,0,2,0,0,2
10,1,8,0,2,0,0,2,0
20,1,8,0,3,0,0,1,2
9,3,9,0,0,2,0,2,0
16,2,-8,0,2,1,0,0,3
18,5,9,0,2,1,0,0,3
6,10,10,0,1,0,0,1,0
10,5,-7,0,0,3,0,2,1
21,5,-9,0,2,1,0,0,3
19,9,-8,0,3,0,0,0,3
21,3,-8,0,0,1,0,0,1
17,4,-8,0,3,3,0,0,6
19,2,-9,0,3,0,0,0,3
11,5,10,0,0,1,0,1,0
15,9,9,0,2,0,0,2,0
17,4,10,0,1,0,0,0,1
10,7,8,0,0,5,1,4,0
18,3,9,0,0,2,0,0,2
11,5,9,0,1,1,0,2,0
11,2,10,0,0,1,0,0,1
16,2,10,0,0,1,0,0,1
20,10,10,0,1,0,0,0,1
13,9,10,0,1,0,0,1,0
17,9,-9,0,2,0,1,0,1
9,3,-8,0,0,1,0,0,1
7,4,-6,2,2,5,1,8,0
5,5,7,0,1,1,0,2,0
9,10,8,0,7,2,0,9,0
6,8,7,0,7,1,0,8,0
6,8,8,0,0,1,0,1,0
14,2,9,0,1,1,0,0,2
18,10,9,0,3,0,1,1,1
13,2,9,0,3,0,0,0,3
14,8,10,0,0,1,1,0,0
20,9,10,0,2,0,0,0,2
8,7,10,0,0,1,0,1,0
5,6,-6,0,1,2,0,3,0
4,3,-6,0,0,1,0,1,0
7,5,7,1,4,3,0,8,0
4,1,-6,0,2,0,0,2,0
9,4,9,0,1,0,0,1,0
11,6,-8,0,0,1,0,0,1
11,3,-8,0,0,2,0,0,2
8,9,9,0,0,1,0,1,0
7,10,-8,1,3,0,0,4,0
18,3,-9,0,1,0,0,0,1
8,8,-8,0,1,1,0,2,0
8,1,-8,0,3,0,0,3,0
21,4,-9,0,0,2,0,0,2
16,3,-10,0,1,0,0,0,1
18,9,-8,0,3,0,2,1,0
6,10,-9,0,1,0,0,1,0
20,10,-10,0,1,1,0,0,2
4,4,-9,0,0,1,0,1,0
7,5,-9,0,0,1,0,1,0
15,5,-9,0,1,0,0,1,0
13,9,8,0,2,3,0,3,2
5,2,9,0,0,1,0,1,0
15,1,-8,1,3,3,0,5,2
5,1,7,0,2,0,0,2,0
13,4,8,0,3,4,1,1,5
16,8,-8,0,5,0,0,3,2
13,6,-8,0,3,3,0,2,4
4,5,6,1,2,3,0,6,0
7,2,8,0,2,1,0,3,0
12,5,9,0,2,1,0,3,0
17,8,10,0,1,0,0,0,1
18,9,8,0,0,1,0,0,1
5,4,7,0,0,5,0,5,0
14,4,-8,0,0,3,0,0,3
17,6,-8,0,2,0,0,0,2
17,1,9,0,1,0,0,0,1
20,4,9,0,0,1,0,0,1
14,1,-10,0,2,0,0,2,0
20,10,-11,0,1,0,0,0,1
15,10,-12,0,0,1,0,1,0
4,5,7,0,1,2,0,3,0
7,1,8,0,2,0,0,2,0
13,8,9,0,1,0,0,1,0
4,9,-6,0,1,0,0,1,0
14,10,-9,0,3,1,1,2,1
7,3,8,0,1,4,0,5,0
4,5,-6,1,1,0,0,2,0
20,6,-8,0,4,0,0,0,4
12,3,-9,0,0,1,0,0,1
20,2,-9,0,1,0,0,0,1
6,6,-6,0,2,0,0,2,0
4,1,-7,0,2,0,0,2,0
18,3,-8,0,1,1,0,0,2
12,8,8,0,1,1,0,2,0
4,5,-7,0,2,1,0,3,0
12,2,-9,0,0,1,0,0,1
17,5,-8,0,2,2,0,0,4
7,10,10,0,1,0,0,1,0
16,1,-8,0,1,1,0,0,2
4,2,-5,0,1,6,3,4,0
14,3,9,1,0,0,1,0,0
20,4,8,0,6,0,0,0,6
7,2,-7,0,0,2,0,2,0
18,8,-9,0,1,1,0,0,2
7,1,-9,0,1,0,0,1,0
19,10,-10,0,1,0,0,0,1
12,10,-10,0,2,2,0,4,0
18,10,-10,0,3,0,1,1,1
18,10,-11,0,1,0,0,0,1
13,7,9,0,1,0,0,1,0
13,4,9,1,0,2,0,1,2
10,9,10,1,0,0,0,1,0
19,10,9,0,2,0,0,2,0
11,2,-8,0,0,3,0,0,3
4,7,-7,0,1,0,0,1,0
9,1,8,0,2,0,0,2,0
9,9,8,0,3,0,0,3,0
17,10,9,0,2,1,0,2,1
8,3,-7,0,0,2,0,2,0
21,8,-8,0,1,1,0,0,2
6,1,-7,1,1,0,0,2,0
5,8,7,0,3,0,0,3,0
10,1,7,0,3,0,0,3,0
10,8,-8,0,0,1,0,1,0
9,10,10,1,1,0,0,2,0
19,1,10,0,1,0,0,0,1
21,4,11,0,0,1,0,0,1
4,8,-5,2,3,0,0,5,0
11,3,-7,0,0,2,0,1,1
8,8,-7,1,2,0,0,3,0
20,7,8,0,2,0,0,0,2
4,8,-7,1,0,0,0,1,0
5,4,8,0,0,2,0,2,0
21,8,8,0,0,1,0,0,1
21,8,-9,0,0,2,0,0,2
8,5,8,0,0,1,0,1,0
19,6,-8,0,2,0,0,0,2
5,3,7,1,0,1,0,2,0
13,3,-8,0,1,2,1,0,2
9,2,-8,0,0,4,1,1,2
15,2,-9,0,0,2,0,0,2
16,10,-9,0,2,1,1,2,0
8,10,-9,0,1,1,0,2,0
5,5,8,1,0,0,0,1,0
18,6,-9,0,1,0,0,0,1
10,6,8,1,0,4,0,5,0
9,5,8,0,0,4,0,4,0
21,3,-9,0,0,1,0,0,1
20,9,9,0,1,0,0,0,1
17,7,9,0,1,0,1,0,0
19,1,-10,0,1,0,0,1,0
16,2,11,0,1,0,0,0,1
11,1,-8,0,0,1,0,1,0
14,5,-9,0,2,0,0,1,1
12,4,-10,0,0,1,1,0,0
11,9,-10,0,1,0,0,1,0
11,6,8,1,0,3,0,4,0
11,1,9,0,1,0,0,1,0
9,1,-7,1,2,1,0,4,0
20,3,-9,0,0,1,0,0,1
11,10,-10,0,0,1,0,1,0
18,9,-10,0,1,0,0,1,0
7,4,8,1,0,1,0,2,0
4,10,-8,0,1,0,0,1,0
6,3,-8,0,1,0,0,1,0
16,5,-8,0,1,2,0,0,3
12,9,-9,0,1,0,0,1,0
8,2,8,0,0,1,0,1,0
18,6,8,0,1,0,0,0,1
11,8,9,0,0,1,0,0,1
15,3,10,0,1,0,0,0,1
16,10,9,0,2,0,0,2,0
10,1,9,0,1,0,0,1,0
9,6,9,0,1,1,0,2,0
6,10,-8,0,1,0,0,1,0
4,5,-8,0,0,1,0,1,0
14,1,-9,0,1,0,0,1,0
4,9,8,0,1,0,0,1,0
16,3,-9,0,0,2,0,0,2
7,7,8,1,0,0,0,1,0
11,3,9,0,0,1,0,0,1
6,3,8,0,0,1,0,1,0
7,5,10,0,0,1,0,1,0
16,7,9,0,1,1,0,1,1
12,7,9,0,1,0,0,1,0
21,4,8,0,0,2,0,0,2
19,7,9,0,1,0,0,0,1
20,1,-10,0,1,0,0,0,1
19,5,-10,0,0,1,0,0,1
15,3,-11,0,1,0,0,0,1
15,7,-11,0,1,0,1,0,0
18,5,-11,0,1,0,0,0,1
8,8,-10,0,1,0,0,1,0
15,8,-9,0,1,0,0,1,0
17,10,-10,0,1,0,0,1,0
7,2,9,0,0,2,0,2,0
16,5,10,0,0,1,0,0,1
15,6,10,0,1,0,0,0,1
17,9,9,0,0,1,0,0,1
10,7,10,0,0,1,0,1,0
19,10,10,0,1,0,1,0,0
12,4,-9,0,0,1,0,0,1
7,6,-8,0,0,2,0,2,0
5,5,9,0,1,0,0,1,0
10,3,9,0,0,1,0,1,0
20,2,9,0,1,1,0,0,2
20,9,-9,0,1,0,0,0,1
14,9,-9,0,1,1,0,2,0
18,9,9,0,2,0,0,0,2
21,9,8,0,1,1,0,0,2
12,9,10,0,0,1,0,1,0
11,10,10,0,1,1,0,2,0
6,7,-8,0,1,0,0,1,0
18,1,-10,0,1,0,0,1,0
9,3,-9,0,0,1,0,0,1
7,6,-7,0,0,2,0,2,0
7,5,8,0,0,2,0,2,0
4,10,8,0,1,0,0,1,0
14,2,10,0,1,0,0,0,1
15,2,10,0,1,0,0,0,1
10,1,10,1,0,0,0,1,0
10,4,9,0,0,1,0,1,0
7,1,10,1,0,0,0,1,0
7,8,-7,0,1,0,0,1,0
10,6,9,0,0,1,0,1,0
19,3,9,0,1,0,0,0,1
14,9,-10,0,0,1,1,0,0
17,6,8,0,1,0,0,0,1
16,9,9,0,1,0,0,1,0
10,6,10,0,0,1,0,1,0
15,7,10,0,1,0,0,1,0
19,5,8,0,1,0,0,0,1
15,3,-10,0,0,1,0,0,1
7,5,-7,1,0,1,0,2,0
18,4,-8,0,0,1,0,0,1
10,8,10,0,0,1,0,1,0
13,8,-9,0,0,2,0,1,1
17,2,-8,0,1,0,0,0,1
9,1,-9,0,1,0,0,1,0
19,1,-11,0,1,0,0,0,1
10,10,-10,0,1,0,0,1,0
11,5,-9,0,1,0,0,1,0
10,4,-9,0,1,0,0,1,0
19,9,-9,0,1,0,1,0,0
16,9,-10,0,0,1,1,0,0
16,1,-10,0,0,1,0,0,1
10,8,-9,0,0,1,0,1,0
5,1,-7,0,1,0,0,1,0
12,5,-9,0,1,0,1,0,0
21,6,-10,0,0,1,0,0,1
10,5,9,0,0,1,0,0,1
14,10,10,0,1,0,0,1,0
4,4,-6,0,1,0,0,1,0
15,1,-10,0,1,0,0,1,0
8,3,-8,0,0,1,1,0,0
4,2,-6,0,0,1,0,1,0
18,7,9,0,1,0,0,0,1
19,1,9,0,1,0,0,0,1
5,4,9,0,1,0,0,1,0
18,2,-9,0,1,0,0,0,1
18,2,9,0,0,1,0,0,1
13,8,-8,0,0,1,0,1,0
8,8,9,0,0,1,0,1,0
19,8,-10,0,1,0,0,0,1
10,2,8,0,0,1,0,0,1
5,1,-8,0,1,0,0,1,0
