14,7,0,418,4659,3941
15,10,0,1951,22843,8651
20,1,-1,274,8718,755
20,5,-1,35,5960,1069
6,10,0,379,5514,1077
6,3,1,92,369,1159
17,6,1,49,2658,1731
14,9,1,342,3415,1820
21,4,0,201,345,4268
21,8,0,323,1166,3030
9,3,1,119,224,2800
20,10,0,820,28762,4097
16,7,0,295,4379,3046
14,2,0,40,3557,5377
19,5,0,53,4216,1844
16,10,0,1727,21443,7595
14,10,-1,1496,15294,6443
19,7,-2,27,1361,491
8,10,-2,189,1861,818
16,5,-2,8,950,882
12,6,-2,106,902,1221
15,4,-1,41,1952,2299
15,2,-1,17,1942,2318
11,10,-1,1036,4447,5423
7,6,0,164,621,1063
10,10,0,2493,7276,7228
14,1,0,571,6121,2178
11,8,0,281,1281,3159
13,8,0,555,5220,3930
11,4,0,165,300,3846
6,6,1,277,714,671
20,8,0,79,8831,1482
13,5,0,362,3705,5282
14,6,1,247,3035,3042
19,1,1,100,2214,428
21,10,0,1372,6080,7257
5,2,1,76,221,818
17,10,0,1455,19835,6275
11,5,1,181,406,3233
12,5,1,303,2522,3914
16,4,1,32,2837,2508
12,7,1,306,2762,2743
15,6,1,213,2949,2517
15,3,2,14,1363,1342
12,10,2,645,6454,2587
14,6,2,108,1451,1412
20,10,1,398,14619,2086
21,4,1,90,168,2223
21,5,0,221,555,4109
9,5,0,138,479,2266
18,4,1,31,2544,1302
9,8,2,100,441,745
16,5,2,29,1313,1085
10,8,3,37,178,422
16,8,3,38,612,311
19,7,3,8,424,172
5,5,4,9,44,49
11,2,5,7,1,142
15,10,5,29,378,135
21,10,5,21,77,100
21,8,5,3,18,40
12,10,4,120,1213,438
13,2,0,53,3146,6247
16,2,0,30,4049,3615
19,4,0,47,4182,1909
16,3,1,24,2783,2386
17,8,1,161,2395,1263
16,8,1,198,2840,1593
7,10,1,372,4591,1387
13,3,2,67,1071,1897
18,9,1,148,2425,863
13,7,1,298,2911,2776
21,10,1,706,3057,3798
16,5,1,47,2882,2300
19,7,2,15,1057,390
16,7,2,83,1202,845
17,9,2,74,1221,486
15,5,3,24,596,546
19,2,2,13,1187,544
5,3,3,15,56,131
16,4,4,1,264,202
15,10,3,201,2468,828
19,3,4,0,205,99
20,4,4,3,433,112
13,10,5,39,388,162
18,10,4,51,686,178
16,8,5,6,109,28
16,10,4,81,967,265
12,2,5,2,73,144
16,9,5,4,114,35
4,7,6,0,3,1
13,3,0,136,3165,5910
13,9,1,334,3531,2028
16,9,1,218,3000,1351
18,9,0,273,4513,1688
15,2,0,41,3865,4407
17,3,0,46,4158,3023
20,7,0,68,8617,1539
20,6,-1,57,6042,1035
12,10,-1,1775,15824,7132
15,10,-1,1386,14641,5933
13,5,-1,190,1783,2708
15,9,0,524,5275,2821
11,10,0,1746,8034,9593
9,10,0,1280,8295,4852
14,8,0,496,4862,3569
16,8,0,370,4881,2733
19,10,-1,727,13926,3256
13,6,-1,220,1990,2412
15,6,0,335,4079,3725
12,3,-1,152,1324,3240
11,3,1,126,136,3551
15,3,1,30,2712,2939
13,5,1,268,2708,3735
13,6,0,409,4135,5039
15,10,1,988,12073,4392
6,10,1,254,3726,767
11,1,2,217,586,541
19,1,-1,195,3611,687
15,6,-1,158,2030,1981
10,3,0,129,131,3347
9,7,0,199,910,2365
21,10,-1,1618,7247,8795
21,1,-1,680,1912,1807
16,4,-1,31,2049,1897
13,4,0,313,3470,5680
18,6,-1,44,2499,1327
17,6,-1,42,2455,1547
10,6,-1,91,289,1411
15,8,-1,222,2631,1886
10,10,-1,1377,4019,4082
16,10,-1,1114,14253,5272
18,10,-2,437,6771,1925
15,5,-1,87,2001,2114
14,6,-1,170,2012,2241
6,8,-1,46,522,225
10,7,0,224,873,3020
19,2,1,26,2395,1121
14,1,1,306,3217,1138
10,1,1,246,1275,1039
19,3,1,29,2431,1137
20,6,1,25,4637,914
13,8,1,349,3168,2382
12,4,0,366,3073,5893
17,6,0,85,4443,2814
21,7,-1,208,695,2678
18,1,-1,197,3767,895
16,3,0,27,4198,3581
8,10,0,778,8072,3251
13,7,0,476,4642,4581
20,10,-1,736,33875,4089
18,10,-1,918,14670,4044
6,10,-1,204,2876,600
19,4,-1,25,2432,1060
12,10,0,2708,24114,10649
19,7,0,68,4282,1578
15,4,0,59,3941,4301
12,2,0,116,2608,6131
20,7,-1,48,6811,1106
13,10,-1,1592,15689,7000
19,8,-2,29,1372,457
13,4,-1,140,1700,2833
14,3,0,57,3593,5161
20,2,-1,14,5986,1157
16,3,-1,27,2132,1953
20,9,-1,60,6936,1001
5,4,2,57,165,279
7,10,2,194,2195,628
7,8,0,202,1352,774
18,10,0,1182,18722,5010
13,9,0,637,5510,3422
9,9,0,510,1488,1548
8,10,1,537,5419,2158
16,1,1,216,2942,880
12,10,1,1572,13616,5823
18,7,1,39,2331,1090
18,10,1,546,9073,2425
7,7,1,255,781,761
13,2,1,37,2302,4512
15,8,1,263,3008,1865
18,1,1,146,2307,528
11,4,2,58,127,1576
17,1,1,193,2582,667
4,2,2,18,59,139
13,10,1,1399,13807,5705
12,3,1,223,2018,4350
8,6,1,166,713,1820
15,1,0,461,5815,2024
20,6,0,67,9082,1710
15,1,-1,325,3857,1391
19,9,-1,135,2925,850
18,2,-1,24,2489,1413
16,7,-1,162,2570,1861
10,2,0,113,28,3477
17,1,-1,265,3817,1099
17,3,-1,23,2362,1606
19,7,-1,47,2943,1096
18,5,-1,27,2548,1303
20,1,-2,116,3877,374
19,10,-3,121,2904,651
7,4,-2,25,90,317
9,10,-2,335,2096,1233
6,6,-2,42,141,132
14,3,-2,12,838,1231
11,7,-1,120,498,1726
20,10,-2,321,14654,1781
18,9,-3,41,617,213
15,7,-3,45,521,427
12,8,-3,64,504,471
14,10,-3,297,2974,1456
15,2,-2,7,923,1058
19,1,-3,31,748,162
17,5,0,73,4296,2917
13,7,-1,264,2596,2559
7,7,0,339,985,997
19,3,-1,23,2433,1147
21,2,-1,86,15,3105
10,6,0,203,548,2932
17,9,0,292,4778,1983
20,9,0,110,8574,1369
13,1,0,673,6446,2541
17,8,0,291,4454,2240
18,6,0,53,4433,2211
19,3,0,40,4201,1916
18,6,1,45,2655,1270
17,7,0,225,4235,2567
9,10,1,839,5365,3137
15,1,1,251,3234,993
15,2,1,24,2659,2963
18,4,0,50,4300,2344
21,10,-2,745,3051,3850
15,10,-2,613,6910,2862
16,9,-2,123,1301,647
20,8,-2,23,3272,501
6,9,-2,20,268,106
20,4,0,50,8869,1812
13,10,0,2660,25094,10761
17,10,-1,1073,15092,4817
12,7,0,504,4481,4687
15,3,0,38,3865,4381
16,9,0,385,5084,2380
19,6,0,62,4434,1828
14,10,0,2397,23633,9762
5,10,0,219,4109,553
11,1,0,702,2106,2074
21,2,0,125,22,4679
18,8,0,183,4375,1814
12,7,-1,300,2423,2684
16,9,-1,234,2942,1401
21,7,-2,103,383,1287
12,8,-1,331,2719,2330
13,9,-1,322,3138,1933
11,9,0,317,1567,2786
16,6,0,176,4059,3283
14,1,-1,393,3894,1482
12,9,0,613,5695,3341
11,5,0,213,508,3701
12,6,0,482,3789,5040
14,4,1,119,2457,3464
14,5,1,219,2768,3178
6,7,2,50,333,191
10,9,2,115,476,812
20,5,2,12,2149,510
19,8,1,44,2211,803
13,4,2,131,1205,1839
18,10,2,272,4184,1115
18,8,1,120,2242,940
5,5,2,77,207,207
10,3,3,27,20,609
20,10,3,86,2716,379
13,10,3,287,2754,1066
21,10,3,149,557,691
14,6,3,47,596,595
6,2,1,90,266,1313
11,10,1,1066,4944,5919
10,10,1,1583,4427,4416
18,1,0,306,4785,1113
10,5,0,162,430,3101
20,2,0,39,8750,1886
17,4,1,42,2693,1746
19,10,1,476,8489,1817
15,7,1,206,2909,2040
10,9,1,271,971,1703
4,6,2,12,172,62
20,9,1,52,4171,742
13,10,2,646,6495,2635
14,10,1,1213,12911,5127
15,7,0,365,4565,3646
21,5,-2,82,153,1243
15,1,-2,172,1689,660
13,6,-2,104,878,1151
12,9,-2,150,1379,878
15,6,-2,61,928,947
10,8,-2,62,239,661
11,6,1,209,581,3001
17,10,-2,479,6996,2352
17,2,-2,5,1122,797
7,8,-2,37,265,167
14,5,-2,66,881,1119
13,10,-2,834,7277,3411
9,2,-1,62,49,1397
14,1,-2,163,1830,714
18,4,-1,27,2530,1370
15,7,-1,186,2525,2150
21,2,-2,38,8,1479
18,1,-2,122,1696,445
20,7,-3,9,1486,200
14,3,-3,4,324,572
14,5,-3,30,362,503
11,1,-3,66,235,217
11,10,-3,214,906,1104
12,4,-2,66,732,1404
17,2,-3,3,468,309
17,3,-3,9,485,310
18,1,-5,9,113,28
15,7,-5,3,73,59
14,4,0,166,3668,4943
21,7,0,250,970,3366
9,2,0,101,109,2755
16,2,1,37,2740,2583
14,7,1,248,2755,2461
6,1,1,48,908,216
9,1,-1,144,1078,679
21,6,-1,172,497,2553
16,5,-1,32,2164,1800
11,2,0,151,21,4254
20,4,-1,31,5830,1190
18,9,-1,167,3133,1129
11,8,-1,148,664,1567
14,6,0,386,4188,4252
19,5,-1,28,2503,1042
19,8,0,96,4374,1533
8,2,0,117,174,1944
20,3,-1,30,6019,1111
11,2,-1,51,12,2045
21,5,-1,158,319,2725
12,2,-1,59,1281,3303
8,10,-1,383,3971,1559
12,3,0,277,2753,6138
17,7,-1,91,2835,1648
14,9,-1,297,3073,1859
10,9,0,360,1396,2248
4,10,0,76,2097,167
13,4,1,243,2617,3985
12,5,2,126,1271,1750
19,3,2,16,1111,500
11,5,2,79,187,1456
12,4,1,255,2311,4157
20,8,1,44,4064,748
19,1,0,240,4598,866
14,2,1,13,2626,3666
15,9,1,273,3171,1503
8,1,2,55,659,227
11,3,2,68,56,1624
7,5,3,22,115,295
18,9,2,77,1110,362
14,3,-1,20,1871,2650
17,2,-1,15,2372,1606
7,3,1,116,346,1767
20,1,1,150,3781,414
21,1,0,559,1542,1549
11,8,1,233,900,2089
12,8,1,334,3239,2340
13,5,2,107,1374,1783
18,2,2,6,1160,667
9,2,2,45,45,1276
20,3,2,9,2166,534
21,6,2,66,175,870
12,9,2,181,1690,957
19,10,2,238,3793,863
12,7,2,158,1341,1263
8,4,3,25,80,399
20,10,2,246,6738,922
13,7,2,150,1463,1213
14,8,2,123,1442,965
17,8,2,76,1196,573
18,3,0,50,4258,2383
7,4,1,132,499,1611
16,1,0,448,5759,1697
10,4,1,145,228,3099
6,1,-1,51,731,119
21,6,-2,80,215,1163
14,10,-2,708,6947,3183
18,1,-3,42,803,189
17,6,-3,8,467,305
12,10,-3,386,3077,1497
8,2,-2,25,36,474
16,7,-3,33,498,354
18,3,-3,3,485,299
16,3,-2,15,957,900
15,10,-3,296,2990,1245
18,1,-4,22,348,73
11,2,-3,7,1,384
17,8,-3,38,588,320
16,10,1,915,11266,3826
9,9,-1,250,735,705
19,2,-1,24,2391,1136
19,1,-2,86,1682,328
14,8,-2,116,1219,979
6,1,-2,27,335,61
18,7,-2,42,1355,693
10,3,-1,75,69,1625
18,2,-2,5,1107,657
9,3,0,124,210,2656
16,6,1,128,2872,2159
12,2,2,34,942,2122
20,7,1,36,4265,832
12,9,-1,350,3039,2029
12,8,0,610,4934,4090
18,8,-1,108,2840,1220
9,10,-3,133,899,575
14,1,-3,63,793,281
14,9,-2,111,1355,828
17,5,-2,6,1115,728
20,10,-3,136,6620,749
20,3,-3,3,1203,239
11,4,-2,40,67,854
12,5,-2,84,753,1313
10,4,-1,55,120,1615
7,10,-1,311,3551,997
9,10,-1,685,4435,2740
9,4,0,137,353,2552
12,6,1,294,2911,3620
19,7,1,30,2207,839
16,7,1,180,2539,1745
12,4,-1,182,1520,3013
17,5,-1,40,2415,1639
21,9,-2,128,587,980
5,2,-1,39,108,326
8,1,1,134,1325,543
19,10,0,991,17793,3967
13,6,1,334,3045,3467
15,5,1,118,2706,2764
14,2,-1,15,1716,2616
13,1,-1,430,4096,1690
14,5,-1,147,1903,2437
11,9,-1,154,829,1440
6,3,-1,35,141,497
8,1,-1,103,983,450
18,2,0,35,4134,2395
12,1,0,718,6382,2452
21,8,-1,251,981,2410
5,10,-1,105,2131,265
20,5,-2,12,2838,484
7,6,-1,84,330,573
16,8,-1,193,2713,1567
11,8,-3,30,127,304
21,2,-3,10,1,590
17,4,-4,1,221,143
12,10,-4,145,1280,716
12,9,-4,37,230,189
14,5,-4,8,164,218
8,3,0,112,230,1986
10,3,1,129,128,3294
8,5,1,154,577,2020
13,1,2,164,1680,554
9,7,1,176,717,1744
7,5,2,45,271,590
21,10,2,341,1488,1724
17,1,0,352,5190,1366
10,7,1,168,583,2102
8,2,1,123,199,2502
18,3,1,23,2501,1385
21,6,1,138,421,1901
14,5,2,97,1275,1468
12,6,3,60,586,699
18,8,2,48,1094,458
10,1,3,51,305,221
13,4,3,47,545,823
17,9,-2,80,1448,627
4,4,-2,15,47,51
13,7,-2,131,1188,1230
15,9,-1,240,2970,1583
9,5,-1,80,216,1091
13,10,-3,343,3090,1486
12,7,-2,133,1092,1225
10,9,-3,30,129,222
11,10,-2,468,2097,2483
5,5,-1,61,195,199
12,10,-2,820,7113,3278
15,3,-4,2,163,214
15,4,-3,6,359,441
13,8,-3,61,553,501
15,4,1,35,2792,2918
10,5,2,77,177,1269
12,4,2,122,1116,1919
20,9,2,25,1902,343
21,1,1,265,731,795
10,10,2,713,2065,2048
18,1,2,59,1068,249
9,4,1,141,377,2646
7,4,2,57,189,679
18,5,2,16,1265,623
14,2,3,6,548,686
15,10,2,462,5742,2005
13,2,2,28,1066,2014
19,5,3,8,482,241
13,7,3,49,611,549
8,6,4,15,61,163
13,6,5,14,112,97
13,5,5,10,86,104
6,9,5,3,29,7
12,10,5,38,442,168
20,10,5,12,433,70
13,10,4,138,1261,474
21,6,0,237,758,3750
20,3,0,35,8733,1916
9,1,0,234,2146,1256
12,9,1,405,3393,2060
17,8,-1,141,2906,1501
17,1,-2,151,1725,512
8,6,-1,72,329,737
14,5,0,304,3733,4696
12,1,1,402,3485,1340
9,10,2,383,2460,1430
18,7,2,25,1096,428
10,1,2,122,650,455
9,3,-1,59,108,1285
10,4,0,149,243,3131
19,6,1,30,2533,1023
13,3,1,122,2400,4167
14,3,1,38,2615,3571
17,5,1,42,2639,1810
7,2,2,36,105,829
17,7,1,99,2307,1329
18,5,1,30,2525,1296
18,7,0,76,4329,2055
16,8,-2,88,1265,743
11,9,-3,32,155,295
20,1,-3,50,1712,177
20,5,-4,1,533,84
15,10,-4,122,1312,620
9,2,-3,10,15,282
9,7,-3,20,74,218
16,2,-2,4,959,890
12,8,-2,160,1222,1077
13,3,-1,88,1539,2980
8,7,1,206,736,1258
12,3,2,109,1012,2093
15,5,-2,40,847,992
19,6,-2,10,1195,452
9,8,-2,65,294,432
18,4,-2,11,1081,634
13,4,-2,65,735,1359
16,1,-2,136,1728,592
21,8,-3,55,216,515
12,7,-3,76,482,544
13,10,-4,148,1313,666
9,9,-3,40,138,144
20,7,-4,4,617,83
15,2,-4,1,158,210
9,4,-2,22,78,582
18,3,-2,11,1094,664
18,7,-3,5,577,289
18,2,-3,4,480,284
6,5,0,108,475,741
16,4,0,54,4095,3626
7,9,0,154,1526,640
13,2,-2,12,745,1471
17,6,-2,22,1135,685
21,8,-2,136,480,1107
18,5,-2,9,1133,600
10,9,-1,179,692,1168
8,9,0,264,1624,925
21,5,-3,35,62,574
12,2,1,60,2031,4650
20,2,1,24,4575,1056
9,9,1,375,1151,1099
9,1,2,76,625,378
19,4,1,27,2438,1083
13,1,1,354,3569,1376
21,2,1,72,8,2459
17,2,1,30,2587,1947
17,3,1,25,2610,1839
20,7,2,21,1842,379
14,2,2,13,1169,1671
20,2,2,10,2039,500
18,3,2,8,1171,652
15,2,3,2,535,599
8,7,0,278,905,1573
14,8,-1,260,2717,2064
9,8,1,246,935,1496
20,1,0,282,7593,822
21,5,1,115,285,2122
20,4,-2,17,2728,492
20,7,-2,21,3354,524
7,4,0,126,421,1359
7,10,0,617,6937,2019
19,2,0,39,4084,1992
6,10,-2,91,1359,282
17,10,-3,225,3089,1062
12,1,-3,80,770,361
18,4,-4,2,203,121
13,3,-2,39,700,1410
18,10,-3,168,3067,887
6,5,-3,7,36,77
14,7,-2,118,1160,1071
10,6,-2,52,129,602
10,10,-2,581,1881,1893
17,4,-2,6,1104,769
14,4,-1,87,1832,2486
21,4,-2,59,103,1269
16,10,-3,250,2813,1129
11,6,0,243,753,3355
12,5,0,368,3441,5433
21,3,0,191,156,4503
12,7,3,59,599,517
21,2,3,18,1,504
20,5,0,61,8885,1774
5,8,1,63,724,195
20,3,1,21,4597,1065
8,5,0,144,482,1720
7,2,1,92,259,1840
18,4,2,10,1198,637
14,3,2,15,1208,1670
20,4,1,32,4536,1048
14,9,2,129,1615,784
14,1,2,150,1527,547
15,6,2,95,1382,1186
16,10,2,367,5255,1707
21,7,2,62,208,775
12,1,-1,460,4108,1709
7,5,0,131,519,1214
16,10,-2,541,6534,2494
15,7,-2,96,1155,986
12,5,-1,192,1710,2843
18,9,-2,93,1415,515
20,10,-4,51,2955,354
14,10,-5,57,419,216
15,10,-5,47,405,233
19,9,-5,2,87,23
21,9,-1,237,1233,2097
6,4,-1,58,199,439
12,1,-2,214,1896,776
13,5,-2,102,833,1185
15,8,-2,104,1281,832
20,10,-5,20,1083,139
16,5,-4,4,159,153
17,10,-5,39,463,169
5,10,-5,5,69,9
9,8,-6,2,2,11
17,4,-6,0,24,23
11,1,1,410,1302,1234
7,9,2,57,566,231
12,6,2,188,1391,1630
19,4,2,14,1203,471
17,10,2,329,4640,1369
5,10,2,62,1273,173
8,5,3,25,122,381
15,6,3,53,633,468
9,8,4,17,87,138
13,4,4,19,234,344
11,7,4,23,55,207
14,6,4,26,292,287
13,3,4,15,230,360
14,10,4,80,1097,384
14,4,5,6,84,111
12,1,5,15,107,33
19,8,5,3,68,30
8,10,5,15,187,68
10,4,5,5,10,101
19,6,5,2,94,30
15,10,6,10,143,34
9,1,5,6,37,28
9,6,2,79,318,1017
10,8,2,95,367,954
16,4,2,16,1266,1091
17,10,1,660,10010,3086
13,8,2,169,1504,1117
20,4,2,9,2099,497
14,8,3,55,642,416
6,7,4,19,87,41
16,7,3,31,529,362
10,10,4,147,391,361
16,10,3,170,2356,649
12,2,4,6,209,405
20,9,4,3,364,54
18,6,4,2,223,117
20,1,3,29,651,81
9,5,3,37,91,507
9,3,4,13,25,270
5,5,1,188,515,467
10,8,0,254,1076,2694
8,4,0,117,335,1836
15,5,0,163,3940,4008
11,7,0,297,994,3423
19,9,0,205,4230,1302
10,7,-2,51,214,712
14,7,-3,40,460,472
21,3,-4,9,8,261
11,10,-4,93,352,453
15,8,-4,22,242,188
14,3,-4,0,139,240
13,9,-5,9,101,61
20,10,-6,1,391,48
21,6,-6,0,4,19
17,1,-6,2,54,10
14,10,-6,13,161,80
12,7,-6,0,23,31
6,9,-5,0,19,6
21,3,-7,0,0,11
15,9,-7,0,7,8
10,6,1,204,549,2702
18,5,0,62,4353,2256
20,8,-1,60,6973,1081
15,3,-2,9,907,1074
9,3,-2,34,57,595
21,3,-1,106,120,2938
8,1,0,191,2027,788
19,10,-2,326,6658,1471
13,1,-2,202,1856,815
15,8,-3,51,542,411
7,1,-2,35,419,110
8,7,-2,59,225,347
7,7,-2,64,225,211
20,5,-3,3,1215,210
19,10,-4,53,1293,264
13,8,-4,30,208,186
15,7,-4,16,210,206
8,3,-3,19,27,188
5,9,-2,14,229,34
17,7,-4,12,223,149
18,9,-4,15,294,96
12,9,-5,14,77,59
14,4,-5,1,44,72
11,4,-4,7,10,137
20,8,-5,3,228,33
8,6,0,146,592,1563
15,3,-1,24,2011,2267
10,5,1,149,373,2949
18,2,1,24,2483,1371
19,9,1,108,2222,688
7,7,2,139,359,354
14,3,3,5,564,710
13,5,3,62,597,765
11,10,3,236,993,1133
19,10,3,106,1680,338
18,7,3,12,485,211
12,10,3,283,2763,1117
20,5,3,7,935,226
13,8,3,62,665,467
9,10,3,175,1038,623
16,6,2,57,1338,1065
17,6,3,10,549,352
19,5,2,17,1205,455
15,8,0,416,4808,3124
13,8,-2,155,1301,1072
19,4,-2,8,1065,498
18,3,-1,24,2403,1439
9,8,0,300,1240,1960
5,10,1,155,2711,370
21,4,-1,113,231,2861
9,4,-1,64,166,1239
19,3,-2,11,1124,498
20,6,-2,10,2878,448
19,5,-3,7,466,204
14,2,-2,14,790,1262
11,9,1,233,1130,1982
13,6,2,118,1473,1527
15,4,4,4,257,259
10,5,4,15,39,261
17,10,4,48,836,234
11,4,4,10,26,328
14,7,4,21,236,195
16,10,5,25,381,104
12,8,5,12,103,80
13,1,5,12,110,31
11,10,6,10,46,58
5,9,0,53,936,163
10,1,-2,88,574,449
7,5,1,139,616,1549
14,6,-2,82,913,1054
9,6,0,181,612,2092
9,5,1,169,474,2480
9,7,2,70,293,809
11,6,-1,111,310,1673
7,8,-1,110,593,368
10,4,2,83,120,1367
6,10,2,106,1770,345
15,4,2,26,1335,1309
11,10,2,525,2217,2778
12,1,2,141,1678,639
11,4,1,154,283,3461
14,4,2,63,1226,1655
15,2,2,18,1228,1397
14,8,1,305,3076,2099
15,7,2,100,1297,925
14,10,2,556,5933,2154
20,2,3,2,905,211
16,5,0,85,4203,3502
8,8,0,411,1144,1186
11,1,-1,385,1211,1225
19,5,-2,11,1165,483
20,9,-2,32,3175,444
7,3,-1,56,138,745
8,5,-2,26,121,409
21,8,2,65,298,677
7,4,3,33,96,307
9,6,1,206,695,2331
5,5,0,130,377,393
15,9,-3,38,583,320
18,7,-1,56,2937,1346
7,3,0,82,272,1463
21,9,1,160,722,1279
15,9,2,113,1529,751
4,7,0,28,373,111
8,9,-1,113,772,452
10,8,1,174,783,2015
10,7,2,68,325,1011
17,9,1,179,2580,1074
7,8,2,69,505,252
15,1,3,55,622,198
11,9,3,42,246,389
11,8,3,48,195,462
18,10,3,103,1718,415
19,2,3,4,476,240
4,1,3,2,76,6
12,1,3,59,712,230
14,10,3,242,2598,934
18,4,3,5,514,250
7,8,4,12,98,58
20,3,3,6,907,230
12,6,-1,253,1910,2514
20,3,-2,7,2729,528
10,7,-1,100,445,1419
19,8,-1,57,2819,965
6,2,-1,37,121,541
16,1,-1,276,3764,1163
13,8,-1,341,2817,2300
11,3,0,141,169,4000
17,4,-1,29,2340,1603
14,7,-1,236,2567,2231
7,1,-3,19,182,59
12,9,-3,67,591,374
15,3,-3,1,366,489
21,10,-3,298,1440,1599
17,3,-4,1,189,145
17,5,-4,4,200,132
9,1,-4,14,93,48
13,4,-4,11,121,259
16,2,-1,16,2138,1961
7,1,1,101,1234,342
7,9,1,113,1196,504
7,8,1,178,1041,618
9,6,3,25,115,440
19,6,4,5,200,70
15,6,4,33,279,227
15,8,4,19,271,163
19,5,4,2,206,84
15,1,5,10,93,27
19,10,5,18,229,59
10,10,5,62,132,115
16,7,6,3,39,15
17,10,5,20,261,82
14,10,5,38,411,119
7,6,6,1,8,12
8,8,1,333,941,1023
21,1,2,116,350,340
19,5,1,40,2534,1091
11,7,-2,71,248,750
14,10,-4,147,1257,613
5,8,-3,4,71,24
6,8,-2,20,257,110
17,7,-2,54,1187,734
6,3,-2,15,78,218
7,5,-1,64,258,562
13,9,-2,149,1418,879
18,6,-2,15,1144,615
9,4,-3,18,35,223
21,6,-3,31,86,521
11,3,-3,12,12,385
17,1,-4,18,344,87
11,6,-4,7,23,158
17,4,-3,10,500,308
21,1,-4,38,159,167
14,1,-4,32,307,155
9,2,1,120,106,2928
9,1,1,176,1369,823
20,5,1,37,4585,1009
17,4,0,52,4225,2979
5,3,1,65,273,742
16,3,3,5,546,498
21,3,1,80,81,2295
14,7,3,49,606,474
20,1,2,78,1703,170
16,9,2,112,1417,581
18,9,3,20,485,150
9,7,4,15,56,167
11,8,4,15,80,201
11,9,2,118,536,917
10,6,2,85,248,1267
16,5,3,10,577,486
11,5,4,20,41,264
15,1,4,17,267,79
9,7,3,30,134,345
11,9,4,19,114,170
12,8,3,60,631,456
5,6,-1,35,241,161
5,7,0,74,780,308
5,1,-1,30,551,69
10,2,1,90,17,3391
12,9,3,72,723,398
8,10,3,128,1065,447
9,4,3,32,70,543
17,10,3,117,1994,560
12,6,4,33,240,311
20,7,4,3,365,75
17,7,4,10,192,109
13,8,4,23,291,182
11,3,-1,71,71,1982
5,2,0,53,175,631
8,4,-2,31,75,432
21,9,2,68,332,560
20,6,2,10,2197,482
9,3,2,51,91,1238
16,3,2,11,1297,1119
15,7,3,45,549,394
16,4,3,8,557,471
21,5,2,55,147,1000
16,8,2,75,1328,671
7,1,0,133,1729,516
6,9,0,94,1279,336
5,7,1,49,613,258
21,4,2,57,92,1039
21,3,2,48,47,1055
17,4,2,16,1228,842
12,2,3,13,457,842
10,10,3,348,886,885
5,1,0,57,1031,140
4,2,1,37,106,332
15,8,2,112,1366,816
16,2,2,17,1307,1150
9,5,2,73,213,1117
12,3,3,37,508,844
11,1,3,86,236,282
7,1,2,38,550,145
11,5,3,33,98,654
10,1,-1,204,1165,935
9,8,-1,150,568,941
7,6,1,177,743,1316
13,9,2,190,1681,924
8,8,2,142,444,411
6,1,2,27,436,89
6,2,2,31,100,561
6,8,2,44,401,154
9,9,3,90,205,219
12,4,3,44,529,832
4,3,2,17,76,134
8,3,3,22,56,471
16,6,4,10,245,206
13,1,4,38,311,118
14,1,3,70,707,217
8,10,2,228,2493,1007
19,9,2,51,1076,308
7,6,2,92,327,550
8,7,4,18,67,129
18,7,4,5,197,100
4,10,1,72,1422,112
6,6,0,234,606,585
15,5,2,62,1350,1213
10,8,-1,119,547,1274
4,10,-1,47,1079,80
14,9,0,571,5437,3137
4,3,0,46,148,261
16,7,-2,87,1224,870
11,2,-2,23,6,910
20,9,-3,9,1462,189
20,4,-3,9,1204,240
11,8,-2,48,297,643
11,4,-1,85,160,1872
5,3,0,66,249,619
21,7,-3,31,188,552
19,5,-4,2,191,101
14,8,-4,20,212,194
7,10,-3,63,728,185
7,6,-3,15,62,110
16,2,-3,3,419,356
7,8,-3,9,135,72
13,7,-3,59,524,555
12,2,-3,15,252,747
7,9,-2,30,331,124
16,4,-3,12,399,374
15,5,-3,15,374,449
9,2,-2,31,22,625
6,5,-1,73,237,418
8,5,-4,1,11,55
5,9,-3,3,75,16
13,1,-3,89,774,342
13,5,-3,34,294,562
19,9,-3,14,602,170
4,10,-2,21,475,37
8,8,-1,201,595,591
18,8,-2,60,1333,581
7,7,-1,153,467,448
13,2,-1,29,1527,3017
16,4,-2,10,964,888
16,6,-2,45,936,805
14,4,-2,43,810,1194
15,1,-3,57,742,291
7,4,-3,14,42,126
14,9,-4,32,260,183
21,4,-4,9,26,256
6,7,0,142,917,571
21,3,-2,54,43,1414
16,1,-3,53,727,259
7,3,2,44,153,757
17,6,2,27,1224,798
8,8,3,66,209,205
7,10,4,31,454,116
4,8,0,27,463,99
6,6,-1,88,322,312
19,6,-1,47,2517,993
5,3,-1,34,131,307
8,7,-1,129,439,786
17,8,-2,79,1307,673
5,8,-2,13,173,54
7,7,-3,24,90,87
13,2,-3,5,262,595
6,7,-1,66,428,287
19,2,-2,7,1162,539
12,4,-3,43,280,619
6,4,0,80,365,872
18,8,-3,26,610,260
16,5,-3,8,374,331
10,8,-3,29,116,270
19,6,-3,8,475,207
16,9,-4,24,242,140
12,10,-5,62,486,260
8,2,-4,3,7,87
17,10,-4,86,1365,448
19,8,-3,7,620,221
19,2,-4,1,200,95
12,4,-4,17,105,273
10,3,-3,5,14,315
11,6,-3,32,68,320
17,5,-3,7,469,318
9,1,-2,63,572,292
21,9,0,281,1520,2673
11,5,-2,51,106,842
8,9,-2,57,351,189
12,3,-2,62,598,1570
15,4,-2,16,907,979
18,2,-4,3,175,135
16,6,-1,68,2094,1690
10,1,0,357,2144,1692
18,5,3,5,521,271
15,5,5,5,100,94
12,3,5,4,84,132
6,3,7,0,3,3
14,4,7,2,13,11
10,3,7,1,1,11
9,3,8,0,0,4
15,6,8,0,3,1
5,3,2,34,131,312
17,4,3,3,513,338
20,4,3,5,916,183
8,2,4,10,18,210
12,4,4,31,215,381
9,9,5,13,24,24
17,1,4,12,217,52
9,10,5,28,193,101
15,3,6,0,33,24
13,10,6,6,162,44
16,1,2,101,1353,409
11,6,2,106,264,1322
14,4,3,27,520,646
13,5,4,31,295,302
19,9,4,9,188,49
20,10,4,34,1109,164
12,8,4,31,314,206
21,10,4,54,248,311
10,3,5,5,5,84
18,8,4,9,206,100
11,10,4,84,421,533
16,1,3,41,585,149
18,2,4,2,217,147
14,7,2,127,1320,1137
11,2,1,118,24,3686
4,7,1,21,293,83
9,4,2,60,155,1150
16,6,3,26,556,439
7,10,3,58,922,279
17,8,3,41,511,240
13,9,3,77,721,367
11,6,3,47,120,600
6,9,3,19,197,56
10,3,2,59,53,1466
13,9,-3,69,587,374
16,8,-3,39,505,316
18,6,-3,9,517,271
9,10,-4,55,403,247
4,4,0,61,173,193
11,2,3,23,3,749
6,6,2,117,335,296
4,10,2,30,603,54
19,6,2,14,1165,447
20,2,-2,5,2776,534
8,2,-1,48,65,1061
10,9,-2,84,314,532
17,2,0,28,4180,3083
8,9,3,38,238,144
20,5,4,5,359,72
9,6,-2,31,154,478
11,7,1,190,675,2374
7,2,3,25,37,390
15,8,3,44,563,353
19,9,3,19,478,145
5,3,4,7,29,72
15,4,3,5,580,549
13,3,3,31,475,824
4,2,0,25,120,292
20,8,-3,10,1373,211
13,3,-3,23,285,582
15,9,-4,23,255,157
18,10,-5,37,479,166
11,1,-5,9,41,38
12,2,-5,1,25,108
20,2,-5,0,189,37
10,3,-4,8,5,118
10,4,3,34,47,588
21,9,3,39,147,255
18,3,3,4,507,284
12,3,4,26,205,417
10,6,4,11,56,224
18,6,2,15,1246,616
6,5,1,163,551,939
5,9,-1,26,406,76
17,9,-1,207,3066,1310
9,7,-2,45,216,509
5,8,0,66,830,232
9,8,3,50,200,305
15,2,4,5,231,265
11,6,5,5,28,95
19,8,4,4,199,76
4,10,5,0,49,4
9,3,7,0,0,10
20,10,6,3,120,25
8,10,6,8,69,24
19,7,5,2,92,23
20,7,5,1,117,20
7,2,-1,52,123,801
5,1,-2,12,233,30
8,3,1,134,303,2256
18,10,-4,78,1293,438
9,6,-3,15,58,207
14,6,-3,48,389,471
10,5,-2,37,98,664
20,8,-4,4,631,82
16,10,-4,124,1274,485
6,10,-4,19,225,48
12,6,-3,55,350,548
19,3,3,4,476,235
12,5,4,20,235,340
8,9,4,13,130,70
17,8,4,14,228,103
20,5,5,2,145,40
13,3,5,3,91,138
15,5,4,13,275,241
4,6,0,33,290,129
10,3,4,13,12,282
21,1,-2,264,838,777
19,9,-2,51,1420,397
17,7,-3,21,517,336
11,7,-3,27,89,338
14,2,-4,1,130,233
13,1,-4,36,362,145
4,9,1,16,341,39
15,1,2,121,1489,444
17,3,2,11,1225,851
7,9,-1,78,713,290
5,7,-1,34,325,131
6,1,0,85,1359,309
7,2,0,94,194,1524
11,2,2,52,6,1720
14,5,3,41,610,647
8,6,2,57,321,779
17,5,2,15,1184,807
21,7,1,139,466,1566
11,4,3,34,44,769
20,8,2,15,1904,350
17,9,3,33,519,207
12,6,5,11,100,118
21,2,4,8,0,195
19,8,3,13,429,158
18,2,3,5,515,276
21,4,3,24,30,432
21,3,3,24,15,492
17,7,2,58,1081,600
11,5,-1,101,225,1746
15,6,-3,35,423,411
16,4,-4,2,182,183
10,1,-3,45,222,185
15,6,-4,13,186,184
4,5,2,15,119,74
10,9,3,56,174,361
9,10,4,77,457,259
20,6,-4,3,539,93
20,4,-5,0,206,28
17,9,-6,1,23,16
7,10,-5,10,101,21
19,1,-6,0,48,10
12,1,-6,4,45,13
5,8,-6,0,4,2
7,1,-1,84,929,262
8,1,-3,22,224,85
14,2,-3,6,309,551
10,10,-3,247,788,822
19,3,-3,8,496,203
14,9,-3,52,638,367
6,8,0,112,1108,415
4,5,3,9,71,39
8,5,-1,61,239,840
9,5,-2,37,122,506
6,8,3,23,169,84
11,6,-2,41,164,668
8,4,1,146,446,2236
6,5,3,31,109,182
20,1,-4,17,776,68
16,10,-5,39,450,194
6,7,1,114,772,457
21,2,2,34,7,1093
6,2,0,68,219,1054
5,1,1,45,656,89
4,1,0,20,504,38
6,9,1,89,977,271
8,5,2,60,258,914
17,5,3,3,517,357
11,5,5,7,18,88
8,4,-1,73,176,903
5,10,-2,51,972,124
21,8,1,132,574,1426
17,1,2,65,1169,252
12,8,2,166,1475,1112
11,2,4,10,2,360
17,5,4,3,225,156
10,10,-4,109,312,364
15,2,-3,3,394,478
9,9,-2,92,356,314
11,8,2,104,426,999
6,8,1,95,950,362
8,9,1,186,1250,804
16,1,-4,23,323,107
5,10,4,10,228,27
17,4,4,4,230,159
18,6,3,4,539,237
15,7,4,16,248,167
15,9,-2,115,1352,788
5,4,-1,57,172,294
20,6,-3,10,1171,208
19,4,-3,4,479,220
17,2,2,14,1249,846
8,10,4,52,459,191
20,2,4,5,375,73
19,9,5,4,73,25
16,4,5,1,83,89
19,8,6,0,16,10
12,8,6,3,36,20
8,10,7,1,27,9
15,9,5,2,109,39
12,9,5,9,106,54
8,5,4,20,46,174
16,9,3,36,639,251
14,9,3,53,664,387
8,1,4,8,127,52
8,10,-3,65,768,343
12,5,-4,16,128,251
15,1,-4,34,329,139
12,2,-4,3,83,268
13,7,-4,18,209,227
5,6,-2,14,134,86
12,2,-2,18,549,1534
12,5,3,52,511,774
7,4,4,11,34,149
20,1,4,17,300,25
7,9,4,11,110,41
13,2,4,4,220,379
16,1,4,7,237,60
18,1,3,26,452,97
5,10,3,30,594,74
13,1,3,71,718,228
13,9,4,21,310,183
19,1,4,15,178,33
21,8,3,30,98,321
4,3,1,41,182,306
21,6,4,12,36,159
7,3,3,20,64,344
10,7,4,16,51,200
21,2,-4,4,1,293
20,1,-5,14,259,31
13,2,-5,0,32,115
14,1,-5,10,128,62
20,7,-5,3,236,35
10,2,3,16,0,672
21,6,3,27,73,384
8,9,2,109,599,332
15,9,3,39,656,296
6,7,5,5,29,14
5,4,1,96,362,669
19,1,3,26,443,83
21,9,-3,56,248,427
13,6,-3,37,367,510
8,6,-2,31,165,330
4,7,2,23,152,36
17,7,3,19,448,275
20,6,4,3,407,84
5,4,0,75,337,562
18,4,-3,8,502,296
16,6,-3,16,450,366
12,5,-3,35,312,543
11,5,-3,19,40,369
11,7,3,40,139,463
6,9,2,27,488,126
5,1,2,10,306,40
11,3,-2,30,36,919
9,2,4,6,10,234
17,9,-3,33,655,241
6,9,-1,51,625,160
11,9,-2,75,401,633
21,9,-4,27,97,192
21,9,-5,7,34,58
11,3,-5,2,3,44
7,4,-4,4,18,54
8,7,-3,25,84,157
7,1,3,17,236,64
9,1,3,32,268,155
11,7,2,79,351,1047
7,6,3,43,140,262
17,3,3,10,487,381
10,7,3,24,120,420
20,8,4,4,341,67
13,6,4,36,263,284
17,9,4,15,212,87
7,7,4,20,74,69
14,4,4,10,215,304
16,2,3,3,572,497
20,8,3,11,795,170
19,8,2,22,1020,364
20,9,3,9,822,147
11,3,4,22,13,293
5,9,1,40,706,132
10,3,-2,27,25,743
7,10,-2,122,1704,463
10,6,3,41,102,558
21,5,3,22,54,425
18,8,3,25,460,195
9,3,3,24,38,543
9,5,4,15,35,205
5,6,0,88,551,346
6,10,3,46,771,141
8,1,3,25,254,121
20,6,3,10,887,209
17,6,4,7,224,154
10,2,4,8,1,316
10,2,2,36,5,1457
13,9,5,9,115,62
20,7,3,10,793,158
10,2,-3,9,0,293
21,10,-4,140,639,770
19,9,-4,13,273,82
10,5,-1,83,205,1536
4,5,1,53,296,183
13,6,3,63,594,665
7,6,4,18,69,96
5,1,4,2,59,9
4,6,1,42,344,154
21,3,-6,0,2,31
15,8,-5,8,103,75
18,10,-6,14,146,53
12,4,-6,2,11,32
21,7,-6,4,7,35
16,10,-7,6,46,19
13,4,-8,0,1,1
7,4,-1,55,210,617
10,4,4,7,28,293
19,10,4,41,658,150
19,2,-3,6,494,228
4,10,-3,16,224,14
20,5,-6,1,76,8
5,4,3,15,85,117
17,2,4,1,217,147
15,4,5,0,100,77
18,3,6,0,33,13
12,3,7,2,12,13
19,5,7,0,10,3
21,10,7,1,8,5
15,3,8,0,2,2
14,9,8,0,4,2
14,1,8,0,7,0
5,9,2,18,316,53
10,2,-1,69,5,1690
7,1,-4,6,91,22
8,8,-3,29,116,126
13,2,3,6,527,846
5,6,1,105,608,400
9,3,-3,13,16,231
21,1,-3,112,352,338
19,1,-4,17,299,68
14,6,-5,8,48,50
14,4,-4,15,157,211
12,8,-4,29,210,209
12,6,-4,20,135,231
7,10,-4,19,313,84
21,7,-4,22,68,248
6,7,-2,41,207,119
5,7,-2,16,165,70
10,9,4,32,95,149
7,3,5,6,14,59
18,4,5,0,81,50
19,6,3,3,498,228
8,6,3,35,139,351
19,1,2,47,956,180
11,1,-2,190,548,556
18,5,-4,3,215,125
13,3,-4,7,139,262
10,7,-4,16,33,113
9,7,-1,114,456,1143
7,8,3,36,235,127
13,7,4,21,288,223
19,2,4,3,203,85
14,2,4,3,245,329
6,10,4,18,343,71
5,6,5,4,19,11
21,1,4,18,63,63
20,2,5,1,150,31
9,5,5,7,17,84
8,4,2,73,184,958
5,8,-1,43,400,102
10,7,-3,25,100,245
17,8,-4,14,263,123
9,8,-3,32,113,198
12,1,-4,42,330,157
10,4,-4,4,8,136
8,2,-3,7,12,210
13,10,-6,25,174,86
7,10,-6,2,32,13
20,2,-3,7,1177,203
12,3,-3,23,234,618
8,3,-1,42,129,1037
9,4,4,15,28,224
18,3,4,5,241,115
15,9,4,21,298,119
18,9,4,10,225,72
14,8,4,25,281,180
20,3,-5,0,172,33
8,10,-4,43,345,149
6,2,3,15,45,237
8,3,4,7,26,206
10,8,5,4,19,67
12,7,4,21,254,220
4,7,-1,18,178,61
8,7,3,34,172,262
14,3,4,2,246,309
17,6,5,1,97,46
6,3,3,21,91,226
9,3,5,3,3,101
20,3,-4,3,532,84
4,1,-2,1,127,8
9,6,-1,93,306,1078
6,4,2,42,204,475
19,4,3,9,534,213
6,4,1,107,456,1107
16,7,-4,8,207,176
12,6,-5,8,39,79
6,8,-6,1,7,5
12,5,-6,2,16,32
14,3,-6,0,14,28
18,10,-7,1,53,17
9,1,-6,2,9,6
10,4,-2,35,61,684
5,5,3,42,94,82
6,2,4,9,23,121
15,10,4,81,1038,339
4,5,5,2,4,6
17,5,5,1,83,51
19,5,6,0,20,17
17,8,5,4,62,35
21,6,5,5,12,66
15,8,5,7,80,51
19,4,4,1,253,80
15,3,5,1,85,87
17,3,6,1,16,13
16,7,5,9,100,56
17,9,5,7,82,33
4,9,0,33,439,56
17,2,-4,2,189,159
19,7,-4,6,268,100
13,8,-5,10,89,70
19,3,-4,4,215,88
17,9,-5,4,82,43
21,9,-6,5,15,22
12,9,-6,3,22,20
10,6,-5,2,6,39
21,10,-7,6,30,35
7,3,-5,3,5,20
16,5,4,6,216,181
5,6,6,1,12,5
12,10,6,17,173,57
4,4,-1,26,104,95
17,2,3,4,530,402
8,8,-2,96,261,282
11,10,-5,27,154,170
19,7,-3,11,623,217
6,1,-3,3,150,22
17,1,-3,45,796,213
14,7,-5,9,64,84
16,9,-7,0,9,7
15,2,-6,0,22,25
8,6,-3,13,61,149
9,1,-3,36,216,139
13,5,-4,13,130,244
8,3,-2,25,48,459
7,5,-2,24,109,272
5,2,2,33,109,310
9,5,-3,16,35,205
12,7,-4,22,190,248
5,6,2,39,285,161
14,2,5,2,91,115
15,2,6,0,31,22
4,10,3,9,255,21
14,6,-4,13,171,205
16,9,-3,45,571,299
14,4,-3,16,362,501
17,3,-2,13,1058,737
8,3,2,42,144,1039
6,2,-2,20,59,286
18,7,-4,7,221,125
8,2,2,61,82,1068
6,4,3,19,100,195
11,6,4,16,56,251
21,8,4,14,54,133
21,3,-3,20,29,613
8,4,-3,12,36,166
4,5,-2,11,59,42
15,9,-5,10,85,58
19,10,-5,31,453,121
11,7,-5,5,13,52
18,7,-5,1,97,38
16,6,-5,2,61,56
16,9,-5,9,88,58
21,10,-6,23,79,84
5,7,-3,4,73,27
9,6,4,22,57,197
21,1,3,55,129,145
5,3,-3,1,23,71
5,10,-4,7,200,19
7,2,4,8,25,166
12,9,4,39,286,173
9,7,5,10,22,56
9,1,4,15,127,64
20,3,4,1,376,79
4,8,1,21,318,70
9,6,5,5,33,78
15,3,4,2,286,262
6,7,-3,15,81,46
13,2,-4,1,114,265
8,7,2,100,376,582
16,4,-5,2,68,60
18,5,-3,9,506,264
11,2,-5,1,1,42
19,4,-4,5,216,115
20,4,-4,2,513,78
16,3,4,2,243,204
5,10,-3,25,377,58
21,7,-5,7,29,89
15,4,-6,0,18,15
8,3,-5,4,5,20
10,10,-6,6,39,47
14,8,-3,57,520,436
7,9,3,30,257,109
7,3,4,6,28,155
10,5,3,36,90,573
6,3,0,73,283,980
6,5,2,63,221,441
13,4,-3,23,300,594
4,8,-1,15,217,49
5,7,2,27,307,109
5,8,2,23,338,90
19,7,4,5,209,68
5,8,4,6,53,10
13,2,5,0,91,138
12,5,6,4,32,39
11,10,5,57,162,168
18,5,4,3,211,107
6,9,4,5,82,31
7,9,-3,12,128,56
9,9,4,36,120,110
18,3,-4,4,200,140
12,3,-4,9,119,257
21,10,-5,66,248,310
4,3,-2,14,41,74
13,10,-5,39,476,249
5,6,-4,2,34,19
8,6,-4,4,22,68
19,10,-6,12,165,46
15,3,-6,0,15,22
13,1,-6,2,42,17
16,10,-6,15,177,60
5,1,3,6,123,22
21,5,4,13,29,192
6,10,5,8,123,25
6,4,-2,25,85,182
17,4,-5,0,76,57
13,9,-4,22,262,179
5,9,-5,1,16,2
8,4,-4,2,21,72
4,5,0,49,264,143
11,3,3,33,30,776
5,5,-2,38,97,94
9,9,2,185,560,537
10,1,-4,24,112,91
21,6,-4,16,49,200
10,5,-4,4,21,135
20,3,5,0,126,25
8,4,4,11,38,152
19,4,5,1,86,22
21,4,-3,25,44,574
10,2,-2,20,5,773
18,4,4,2,204,135
12,1,4,34,298,113
4,1,1,7,371,27
21,4,4,9,17,192
16,2,4,3,244,206
8,4,5,13,11,73
8,8,5,18,29,36
15,3,3,4,566,553
11,7,5,8,19,76
18,7,5,2,73,41
14,3,6,0,37,35
11,3,7,1,0,12
17,10,6,5,104,24
9,10,7,4,19,16
10,2,-4,5,0,131
16,3,-3,4,415,378
8,5,-3,14,56,146
17,7,-5,2,89,52
16,6,-4,13,201,142
8,8,-4,17,44,57
21,8,-4,22,73,192
4,8,3,7,72,15
8,1,-2,48,457,191
12,5,5,12,104,102
8,7,5,5,25,41
9,8,5,1,35,49
20,8,5,1,108,27
14,10,6,17,140,49
13,3,6,2,25,52
17,5,6,0,30,23
13,1,6,3,34,9
20,6,6,0,43,13
18,9,6,0,25,4
6,7,6,1,11,11
18,9,5,3,77,16
14,1,5,6,114,25
15,2,5,2,95,102
4,7,-3,4,31,9
17,1,3,47,537,120
6,1,4,4,79,12
10,1,4,24,113,104
16,2,5,1,100,60
12,3,6,2,33,61
14,3,5,2,89,131
18,5,5,1,97,38
11,5,-4,9,23,147
19,6,-4,4,226,88
20,9,-4,6,656,92
19,10,-7,3,57,11
12,10,-7,8,43,19
19,8,-7,0,6,3
12,8,-6,3,29,32
8,2,3,20,41,486
6,9,-4,4,38,11
16,8,-4,29,229,153
16,2,-4,3,162,164
16,2,-5,1,44,57
10,5,-3,16,44,278
7,5,-3,11,52,121
7,2,-2,22,51,375
17,1,5,3,87,26
10,3,6,0,2,38
19,10,6,4,81,18
18,6,5,1,66,36
5,3,6,2,5,4
18,8,7,1,7,3
8,10,8,1,9,1
19,8,8,0,3,2
20,2,-4,1,508,113
14,6,5,14,121,78
10,6,6,3,6,34
20,3,6,0,55,15
15,9,6,1,38,12
15,4,8,0,6,8
20,9,-5,1,227,37
11,9,5,8,29,64
10,2,5,3,0,102
19,3,6,0,26,10
19,8,-4,4,256,101
11,7,-4,13,41,136
19,3,-6,0,25,13
15,10,-6,17,153,59
18,2,-7,0,5,5
16,5,-7,0,8,5
17,10,-8,2,11,11
14,7,-4,25,204,193
5,4,4,8,32,54
4,9,2,10,168,27
14,1,4,30,264,94
5,2,-4,0,11,32
8,1,-4,8,82,26
15,4,-4,3,177,169
17,5,-5,0,75,43
11,3,-4,4,1,146
17,10,-6,15,180,50
12,7,-5,14,56,86
20,6,-5,1,192,31
17,8,-5,6,92,60
18,6,-5,1,78,47
15,2,-5,0,61,74
16,3,-5,1,69,65
6,5,4,14,50,90
5,7,4,5,56,13
6,3,2,36,142,533
16,9,4,32,247,106
6,10,-3,44,546,113
4,2,-1,7,61,140
16,8,4,11,244,102
8,8,4,34,100,80
5,10,5,3,75,15
4,4,3,16,41,45
7,5,-4,4,24,46
4,4,1,80,201,223
18,10,5,15,265,42
9,9,6,6,8,17
16,6,6,1,30,19
10,10,6,18,45,37
21,4,-5,3,5,85
21,5,-5,6,6,90
8,10,-5,11,129,46
15,6,-5,8,60,64
18,4,-5,2,81,49
16,7,-5,3,78,65
9,6,-5,1,10,26
11,9,-4,18,88,135
14,2,-5,0,45,75
14,9,-5,10,103,49
13,5,-5,7,47,78
9,8,-4,15,45,77
5,2,-2,13,45,148
11,8,5,10,29,61
10,9,5,11,32,51
7,10,5,11,158,46
20,4,5,1,115,31
4,8,6,1,2,2
16,5,6,1,42,23
19,5,5,1,63,36
18,2,5,1,83,49
18,8,-4,11,267,99
19,1,-5,4,101,29
7,3,-2,22,47,330
6,8,-4,2,52,17
12,8,-5,10,81,51
10,1,-5,9,32,33
10,10,-5,35,118,115
16,3,-4,2,193,160
19,4,-5,0,77,30
17,9,-4,20,276,117
12,4,-5,4,37,94
7,1,-5,2,26,8
6,6,5,5,21,28
5,6,3,28,116,84
18,1,4,9,205,47
7,9,5,5,33,23
19,2,6,0,38,15
9,2,5,4,3,86
14,7,5,5,101,73
21,9,5,5,22,44
14,5,4,23,247,298
4,6,-3,2,32,12
16,8,-5,7,86,42
17,6,-5,1,69,73
6,9,-3,15,122,33
20,5,-5,0,180,28
8,4,-5,2,2,26
4,6,3,7,78,22
6,8,-3,7,103,58
13,1,-5,8,122,49
9,9,-5,6,22,19
18,1,-6,2,39,8
14,1,-6,5,31,14
12,1,-7,2,13,9
10,8,4,13,76,185
18,3,-5,2,66,36
6,2,-3,13,22,109
17,1,-5,9,133,40
21,7,3,29,82,335
12,7,5,15,101,81
4,5,-1,16,136,66
6,4,-3,10,33,79
18,8,-5,3,98,38
7,3,-4,4,8,64
6,6,-4,6,37,29
6,5,-2,34,101,179
15,7,5,4,107,66
13,5,6,5,39,30
16,9,6,4,36,10
16,7,4,12,266,163
11,10,-6,8,55,51
9,10,-6,13,50,27
15,5,-6,1,18,26
16,7,-6,3,31,26
17,6,-7,0,6,5
17,7,-7,1,7,13
21,6,-5,4,13,97
7,6,-4,9,26,44
6,2,5,1,12,44
5,2,3,11,32,149
9,2,3,29,19,533
4,7,4,1,33,7
4,7,-2,4,98,24
8,6,5,5,37,54
14,6,6,2,35,31
6,10,6,4,44,10
15,4,-5,1,51,88
6,1,6,2,10,4
16,10,6,6,118,29
15,4,6,0,21,34
13,6,7,3,9,12
6,5,8,0,1,4
14,3,8,0,3,2
20,1,7,2,10,1
6,10,8,0,7,0
18,3,8,0,1,3
15,1,9,0,1,1
5,7,3,9,115,49
11,4,5,9,7,126
4,5,-3,1,20,17
17,3,4,3,236,162
6,3,-4,5,19,56
10,4,-3,19,27,288
20,6,5,1,135,31
16,3,5,0,89,87
17,3,5,1,89,58
16,5,5,2,73,70
6,6,3,67,144,115
4,4,-3,8,11,19
8,7,-4,13,46,61
18,5,-6,0,26,16
10,6,-3,16,61,275
9,6,-4,12,34,94
10,3,-5,0,0,44
7,2,-4,6,9,58
4,8,2,18,153,39
10,4,6,0,1,44
18,7,6,1,21,13
14,9,6,3,46,22
19,1,6,2,23,5
9,5,7,0,1,9
19,4,7,0,10,4
14,5,8,1,5,3
18,3,5,2,89,46
13,6,-4,27,150,202
6,6,-3,24,63,59
18,6,-4,3,230,123
19,1,-7,0,13,2
13,9,-7,1,8,10
20,10,-8,0,25,6
12,7,-8,0,1,3
19,3,-8,0,1,1
4,9,-4,1,13,2
19,3,-5,0,88,30
7,5,4,10,45,135
5,5,5,9,19,11
14,8,5,9,95,60
4,1,-3,1,55,2
20,9,5,0,106,15
4,1,6,0,12,1
17,7,5,3,75,45
10,5,6,2,7,45
13,4,-5,6,37,85
6,6,4,22,60,52
4,3,-3,4,15,23
21,1,-5,17,58,63
10,5,-5,4,4,37
17,2,-5,1,61,54
18,2,-5,1,79,46
19,7,-5,2,80,26
10,9,-5,5,22,35
18,7,-6,0,33,17
10,8,-6,2,4,16
16,8,-6,3,26,19
20,1,-6,2,118,12
20,10,-7,2,128,16
16,2,-7,0,5,4
6,10,-6,2,21,5
4,9,-1,12,239,33
5,6,-3,7,77,42
4,4,2,41,110,94
10,8,-4,8,55,106
17,6,-4,3,192,130
9,8,-5,7,16,24
9,10,-5,17,143,86
6,1,3,9,201,53
21,5,-4,15,24,235
15,5,-4,4,155,189
13,3,-5,2,49,98
14,8,-6,1,24,27
14,3,-5,1,34,79
12,2,6,0,28,42
13,6,6,7,41,33
13,9,6,6,40,19
13,5,7,0,12,9
15,10,-7,9,34,29
7,7,3,53,153,167
8,9,-3,19,141,80
11,3,6,0,5,36
21,2,6,1,0,21
8,9,6,1,12,4
20,1,6,3,31,2
9,4,5,6,7,84
8,5,6,3,2,21
16,2,-6,0,24,15
20,1,-7,1,25,3
19,4,-7,0,12,2
7,3,-6,0,2,11
7,6,-5,3,10,10
5,8,3,11,144,37
5,2,4,4,15,69
10,9,-4,14,47,94
21,2,-5,2,1,96
14,8,-5,7,72,57
20,3,-6,0,62,10
21,5,-6,1,3,34
13,7,-5,3,72,89
15,5,-5,3,52,70
18,5,-5,0,82,38
6,3,4,6,31,97
21,3,4,5,15,190
7,9,-4,9,42,26
6,4,4,15,30,94
19,2,5,0,82,25
20,5,6,0,43,10
17,1,6,2,29,6
19,2,-5,0,64,35
11,1,4,36,110,96
7,1,5,7,37,6
10,5,5,4,8,93
12,1,6,6,46,16
21,10,6,10,28,28
15,5,6,2,36,25
7,3,-3,9,19,128
10,6,-4,5,19,111
20,6,-7,0,23,2
15,6,5,11,110,75
21,7,4,6,40,125
21,2,5,2,2,76
16,2,6,1,35,24
4,1,-1,20,268,18
6,10,-5,4,76,11
21,8,-5,9,40,82
12,1,-5,15,104,48
7,2,-3,5,14,159
18,4,-7,0,7,4
5,7,-6,0,7,1
13,8,5,9,104,71
16,5,-5,0,53,42
4,3,-1,24,62,139
4,1,2,9,138,9
21,8,-7,1,5,7
9,9,-6,0,8,7
12,5,-7,0,5,3
19,6,-5,1,83,28
13,7,5,14,109,84
9,3,-5,1,3,41
7,8,-4,7,52,41
16,1,-7,1,8,4
18,6,-7,1,7,5
14,5,-5,2,46,59
11,4,-3,19,22,376
9,9,-4,14,60,54
7,5,5,4,12,69
13,4,6,5,39,57
10,1,5,9,35,32
10,8,6,2,11,30
9,6,7,0,3,8
13,10,7,6,34,17
17,8,7,0,5,6
15,7,-6,1,24,22
12,6,-7,0,6,5
9,10,-7,3,15,8
19,4,-6,0,22,12
17,7,6,2,30,17
13,8,6,2,36,15
14,1,6,1,37,10
7,7,-4,8,33,30
9,2,-4,2,9,103
9,3,-4,3,7,96
18,9,-5,3,106,36
19,2,-6,0,36,8
20,7,-7,1,24,7
15,1,-7,3,14,2
16,3,-7,0,5,7
8,9,-6,1,4,7
17,6,-6,0,22,28
16,5,-6,0,18,17
12,4,5,9,80,131
7,8,5,3,36,25
11,1,5,15,40,49
17,2,6,0,25,25
12,9,6,4,36,32
19,7,8,1,3,1
11,8,-4,21,50,142
4,6,-2,6,68,27
4,9,-3,0,43,11
5,4,-2,19,73,120
20,4,6,1,46,10
19,6,6,0,19,8
4,2,-3,0,14,20
4,4,-4,1,5,7
20,7,-6,0,70,12
7,1,4,6,95,24
14,9,4,28,300,128
6,3,-3,7,35,87
11,1,-4,34,96,92
20,4,-6,0,67,13
5,3,-2,16,66,113
5,9,3,12,157,30
8,9,5,5,31,35
5,8,5,2,14,12
7,7,6,0,11,5
7,8,-6,0,5,6
15,8,-6,1,19,23
7,6,-2,29,144,254
14,7,-6,2,26,30
5,2,-3,4,22,67
19,8,-5,0,96,26
14,2,6,0,31,44
15,1,6,0,23,8
18,2,-6,1,40,16
21,4,5,1,6,69
6,3,5,4,11,44
9,4,-4,5,23,94
18,1,6,0,28,3
20,2,6,0,36,10
9,1,6,0,19,11
20,1,5,8,111,17
11,2,6,2,0,47
8,9,-4,9,56,50
5,1,-3,8,105,7
5,8,-4,3,22,9
21,9,4,5,65,87
17,4,5,0,96,62
11,1,6,7,10,9
6,9,8,0,1,1
14,9,5,15,113,46
14,4,6,1,25,41
19,4,6,0,27,12
14,4,-6,1,18,28
17,3,-5,0,72,42
12,10,-6,23,158,89
4,7,3,6,61,20
13,4,5,14,72,116
4,8,-2,2,96,18
16,6,5,1,84,73
5,7,-4,2,29,13
21,4,-6,3,1,34
8,7,-5,2,9,16
7,9,-5,5,17,7
8,9,-5,4,24,12
14,5,5,7,90,104
5,9,7,1,2,2
21,3,6,1,1,25
9,3,6,1,1,39
12,6,7,1,9,15
17,10,7,0,31,6
20,4,7,0,17,4
11,2,-4,5,2,157
8,2,5,3,11,93
15,3,-5,0,48,56
5,9,-4,2,33,8
13,6,-6,0,14,14
18,7,-7,0,5,4
10,10,-7,4,12,17
14,10,-7,5,40,28
15,10,-8,3,17,17
12,8,-8,0,3,1
19,1,-9,0,2,1
7,2,-9,0,0,1
17,5,-9,0,1,0
13,3,-9,0,0,1
4,5,4,2,41,13
5,1,-5,0,18,3
4,10,-4,2,87,10
5,4,-3,7,39,51
20,2,-6,0,65,10
19,3,5,2,82,31
9,5,-5,3,2,37
4,1,4,1,42,3
5,5,-4,3,18,14
15,1,-5,5,106,46
6,1,-4,3,43,10
7,6,5,3,25,38
9,4,7,0,2,10
4,2,4,1,8,22
10,7,5,12,14,89
7,2,6,0,4,16
11,10,7,3,16,13
20,2,7,0,17,2
19,9,6,1,23,6
12,5,-5,4,50,101
9,4,-5,1,2,31
15,6,6,3,44,26
4,4,4,7,23,21
9,10,6,12,61,38
18,1,5,2,65,8
6,8,4,4,86,27
17,10,-7,5,48,20
18,3,-6,0,36,19
10,9,-6,2,10,19
4,6,-1,9,139,57
9,5,-4,12,19,94
6,7,3,21,173,80
11,9,6,4,13,26
12,6,6,4,35,52
4,10,7,0,7,0
21,4,7,0,1,3
14,7,7,1,14,11
13,1,7,1,11,5
18,9,-6,3,33,12
11,3,5,7,5,121
6,8,6,0,8,3
13,4,7,0,20,18
16,7,7,1,12,9
11,1,7,4,7,3
20,6,8,0,8,4
4,8,4,2,38,8
7,2,5,2,4,53
16,1,-5,9,108,41
18,6,-6,0,39,21
6,8,-5,4,18,5
4,6,-5,1,7,1
11,9,-5,6,19,31
6,3,-5,1,5,11
6,5,5,9,17,31
19,3,-7,0,8,4
14,9,-7,2,8,7
14,8,-7,1,3,7
15,5,-7,1,3,9
7,1,-6,2,8,6
17,3,-6,0,23,16
6,7,-4,6,35,21
14,5,6,4,42,33
15,3,7,0,13,12
4,9,3,7,72,11
5,1,-6,1,6,1
18,8,-6,1,34,9
13,10,-7,3,46,26
12,4,6,2,36,56
9,7,6,3,12,19
18,2,7,0,12,4
13,2,6,0,43,40
7,4,5,5,15,56
11,6,-5,3,12,36
19,5,-5,2,78,36
14,9,-6,4,27,23
12,2,-7,0,4,12
11,4,-7,1,0,7
13,2,-7,0,3,9
13,9,-6,5,38,17
11,9,7,0,2,4
16,3,6,1,35,29
17,8,6,2,23,15
21,1,-6,5,23,18
13,4,-6,0,12,34
6,5,-4,5,16,33
8,3,5,3,5,72
18,5,6,0,18,16
12,1,7,2,9,5
11,5,-5,1,3,58
18,4,-6,1,29,15
16,1,6,1,38,7
19,7,6,1,27,12
12,4,7,4,13,17
14,2,8,0,4,5
12,9,8,0,4,1
5,6,4,5,48,30
4,10,4,6,127,7
5,9,4,4,60,14
21,5,5,3,9,49
5,8,6,1,11,2
17,6,7,0,8,7
16,6,7,1,3,5
14,10,7,3,49,22
12,10,8,2,14,5
12,6,9,0,3,4
13,6,9,0,2,2
8,3,6,2,3,31
21,8,6,1,8,11
8,6,8,1,1,3
13,5,9,0,2,0
15,10,9,0,5,1
21,1,8,0,1,0
19,6,8,0,1,1
20,9,8,0,2,0
21,8,7,0,7,6
20,8,7,0,10,3
6,6,6,5,4,4
4,9,-2,3,113,10
17,2,5,1,74,59
12,7,6,1,40,23
9,6,8,0,0,5
20,8,8,0,4,2
9,1,9,0,2,0
13,10,8,2,15,6
19,4,8,0,3,1
20,10,7,1,40,6
16,2,8,0,4,2
12,1,8,0,3,4
11,6,6,4,5,33
6,5,6,2,6,11
4,3,3,5,41,64
10,9,6,3,13,14
18,10,7,2,19,4
18,8,5,5,56,18
7,3,7,0,2,3
12,8,7,1,9,7
10,3,8,0,0,4
9,5,-6,3,1,12
11,1,-6,3,15,7
17,7,-6,0,35,25
13,2,7,0,10,11
12,10,7,3,40,16
18,10,6,5,82,16
17,9,6,2,30,10
6,1,5,2,31,8
16,1,5,3,103,21
21,4,6,0,3,26
10,7,7,0,0,11
10,6,5,7,19,105
8,9,-7,1,2,1
14,8,6,3,31,25
14,7,6,5,39,19
10,1,6,6,9,12
20,9,6,0,36,6
7,3,6,2,3,19
11,8,-6,1,6,15
15,6,-7,0,5,6
21,2,-8,0,0,2
18,1,-9,0,0,1
21,1,-9,0,1,0
9,2,6,2,1,29
20,6,-6,0,76,3
11,9,-6,3,6,13
20,5,-7,0,23,3
15,7,-7,3,6,7
8,1,-7,1,3,2
12,3,-7,1,3,7
4,9,4,2,31,2
20,9,-6,0,90,14
10,2,-7,0,0,3
18,7,-8,0,3,3
20,5,-9,0,3,0
9,8,6,2,8,18
19,1,5,1,46,16
5,9,5,1,29,5
16,8,6,1,46,12
16,6,-6,0,20,16
12,3,-5,7,33,96
10,3,-6,2,1,12
11,4,-5,2,2,54
7,7,-5,4,8,22
8,5,-7,1,1,2
5,6,7,1,5,1
15,6,7,1,11,9
15,6,-6,0,21,22
21,3,5,2,5,65
18,1,7,1,4,1
20,8,-6,0,79,4
13,1,-7,1,12,10
6,2,-6,0,0,6
8,2,-7,0,0,4
15,7,-8,0,4,3
21,4,-7,1,2,8
9,4,-6,0,0,15
8,1,5,8,39,17
7,1,6,0,11,3
17,7,7,1,1,3
15,10,7,4,50,11
21,5,7,2,2,7
18,9,7,0,8,2
13,6,-5,6,49,87
19,8,-6,0,34,14
12,5,-8,1,4,2
13,1,-8,1,4,1
13,10,-8,1,13,10
15,8,-8,0,8,4
18,6,6,0,24,15
13,7,6,2,32,32
8,7,6,2,11,17
21,7,-7,0,4,10
4,2,3,9,23,55
5,10,-6,0,28,1
14,2,-6,1,18,29
6,2,-4,3,5,42
12,3,-6,2,7,31
21,2,-6,0,0,34
15,4,-7,0,6,5
19,9,-7,1,10,4
21,10,-9,2,5,1
18,9,-9,0,1,1
14,8,-9,0,1,0
10,1,-9,0,0,1
11,1,-9,0,3,0
10,7,-6,2,9,13
8,5,5,1,17,74
4,2,-2,7,28,64
13,3,-6,1,17,30
21,10,-8,1,5,14
8,6,-7,0,1,1
11,10,-8,2,4,7
21,6,-9,0,0,4
10,2,-8,0,0,3
15,2,-8,0,1,3
19,6,-6,0,26,8
11,6,-6,0,4,13
7,8,-5,4,17,10
16,9,-6,2,26,19
7,7,5,6,16,23
14,1,7,2,17,3
15,7,7,2,7,4
14,9,7,2,9,4
16,10,7,3,36,8
6,2,8,0,0,3
10,10,8,1,7,5
12,2,9,0,1,2
13,10,9,1,4,0
8,8,6,3,14,9
5,1,5,1,19,3
11,2,8,0,0,2
4,10,-5,2,30,4
11,7,7,2,0,7
17,8,-6,0,26,15
6,6,-5,4,14,8
6,4,5,3,10,28
13,8,-6,2,32,26
12,2,-6,2,9,33
4,8,-6,0,4,0
8,8,-5,8,18,19
16,4,6,1,22,20
6,4,6,1,5,15
18,4,7,0,8,9
17,1,7,0,5,1
14,3,7,0,12,13
8,3,-4,2,11,78
7,1,7,0,3,0
19,5,9,0,2,0
18,8,6,1,25,8
5,5,-3,15,44,40
18,8,-8,0,6,6
17,4,-7,0,3,5
8,6,-5,2,13,13
18,4,6,1,37,13
21,2,7,0,0,8
9,6,6,2,7,19
6,7,-5,1,11,10
21,8,-6,2,12,22
17,5,-6,0,15,18
5,6,-5,0,7,4
21,1,-8,1,2,1
14,5,-8,0,3,3
17,2,-7,0,5,2
17,6,6,0,24,20
16,7,-7,0,5,7
13,2,-6,0,17,36
8,4,6,1,5,24
15,1,-6,1,41,21
19,5,-7,0,8,5
9,8,7,1,2,3
5,7,8,0,5,1
13,9,7,0,7,7
7,2,7,0,1,7
19,9,7,1,7,2
19,10,7,1,24,4
11,5,6,2,4,34
7,10,6,8,51,17
5,9,6,0,11,2
10,8,-5,2,8,39
7,7,-7,0,3,1
10,6,7,0,4,14
12,2,8,0,5,5
11,5,8,0,0,5
13,3,7,1,6,10
18,5,-7,0,7,4
14,7,-7,0,8,11
18,10,-8,1,11,3
14,3,-7,0,5,9
20,1,-8,0,5,0
13,2,-8,0,0,2
7,5,6,2,7,24
10,7,6,2,8,23
21,1,5,9,16,39
16,4,7,0,9,15
16,9,7,1,7,6
6,5,-5,1,10,13
4,8,-3,1,44,9
11,4,6,3,5,52
17,4,7,1,9,7
6,2,6,1,2,16
9,7,-4,10,45,88
9,7,-5,4,13,39
4,6,6,0,5,1
15,8,7,0,16,0
5,4,6,2,3,6
14,7,8,0,4,3
17,2,9,0,1,1
8,10,9,0,1,1
4,6,4,2,25,11
21,7,5,2,9,43
5,5,6,1,4,5
4,6,5,3,15,2
8,1,6,1,15,6
19,5,-6,1,22,12
21,3,-5,2,2,101
6,8,5,3,34,11
12,10,-8,1,15,12
12,1,-8,2,4,1
7,9,7,1,4,4
21,5,-7,0,1,7
5,3,-4,2,6,23
15,3,-7,0,4,6
16,3,-6,0,18,18
4,4,-5,1,3,4
19,9,-6,2,32,8
10,4,-5,1,3,39
14,8,7,1,6,12
15,1,7,0,12,5
6,3,-6,1,2,2
18,3,-7,0,10,7
11,7,6,0,8,27
17,9,7,2,12,1
17,1,8,1,3,1
6,4,-5,3,8,14
14,5,-6,2,15,22
16,1,-6,6,44,16
17,3,-7,0,9,3
8,10,-6,5,46,22
11,8,-5,3,12,45
11,5,-8,0,0,2
17,8,-10,0,0,1
17,9,-7,1,12,5
7,4,6,2,5,18
9,5,6,3,4,26
4,4,5,1,7,11
10,2,6,3,0,48
7,8,7,0,6,5
18,4,8,0,0,4
21,7,6,2,5,9
14,5,7,0,12,11
9,7,-6,0,2,18
16,4,-6,0,17,20
19,7,-7,0,8,2
20,8,-7,0,22,7
16,3,7,0,11,7
5,10,-9,0,1,0
15,4,-9,0,1,1
9,10,-10,0,1,0
13,7,-6,3,22,33
4,4,7,0,1,1
6,4,-6,2,0,6
10,4,-6,3,2,12
10,7,-5,1,8,35
11,4,-6,0,3,11
4,3,4,7,16,31
15,7,6,1,28,21
17,2,7,0,10,11
15,9,8,0,6,0
4,8,-4,1,12,5
16,5,7,0,12,4
10,4,7,0,2,12
19,6,7,0,9,4
11,10,-7,0,17,18
12,9,-7,2,13,5
13,10,-9,3,2,2
9,9,-8,1,0,1
7,8,6,0,13,13
4,3,-4,0,7,15
13,7,-7,1,8,12
8,2,-5,1,2,24
8,1,-5,0,25,16
15,9,-6,7,30,16
11,4,-9,0,0,1
15,8,6,2,27,17
17,1,-7,1,15,2
13,6,-7,1,4,4
5,4,5,3,5,18
10,6,-6,1,2,17
12,4,-7,0,3,10
20,9,-7,1,16,2
11,7,-6,2,4,8
8,6,6,1,5,15
20,8,6,0,35,8
10,2,-6,0,0,14
20,7,-8,0,8,3
16,4,-8,0,1,2
13,9,-8,1,3,4
9,3,-7,1,0,3
17,2,-6,0,29,11
17,8,-7,1,9,6
14,5,-7,1,6,3
16,2,7,0,11,5
13,7,7,2,14,7
17,5,7,0,8,5
11,6,7,0,3,14
21,9,6,1,3,8
4,1,-4,0,18,0
19,7,-8,0,3,2
19,8,-8,0,3,2
16,4,-7,1,4,6
6,2,-7,0,0,2
20,4,-7,2,17,2
11,9,-7,0,2,6
5,5,-5,3,10,12
8,6,-6,0,5,4
18,9,-7,0,8,5
9,6,-6,0,5,5
5,8,-5,2,6,4
4,7,-4,4,23,5
20,3,-7,0,16,2
8,6,7,1,5,4
9,8,8,1,6,4
21,9,-7,1,3,3
12,2,7,0,11,18
9,1,-5,7,34,17
7,1,-7,0,3,0
8,10,-7,4,8,3
19,6,-7,1,6,3
11,2,-7,0,0,8
13,8,-7,0,6,8
19,1,-8,0,3,1
11,8,6,4,9,28
18,1,-7,1,8,5
4,10,6,1,10,0
18,8,-7,0,11,3
12,5,7,0,10,15
12,7,7,0,13,8
7,7,-6,1,3,3
4,6,-4,0,13,5
15,2,7,0,9,7
11,7,8,0,0,6
9,2,9,0,0,1
12,6,8,0,1,2
10,10,9,0,1,4
8,4,-7,0,2,2
9,5,-7,0,0,4
18,2,6,0,31,10
11,4,7,1,3,18
10,10,7,7,19,16
9,4,6,4,8,29
10,2,-5,2,0,52
14,6,-6,2,9,21
18,5,7,0,9,4
16,7,8,0,3,1
15,2,9,0,1,2
20,10,8,0,11,1
19,10,8,0,14,0
10,9,9,2,1,1
5,1,10,0,1,0
12,3,10,0,1,0
13,7,10,0,0,1
5,2,5,1,5,26
8,7,7,0,8,7
5,1,-4,6,41,6
19,3,7,1,11,2
4,9,7,0,1,0
13,3,8,0,3,5
9,2,-5,1,1,36
7,9,-8,0,1,0
20,2,-8,0,9,2
20,7,6,1,41,15
12,6,-6,1,16,20
4,3,-5,1,4,1
8,2,6,3,2,38
19,1,7,0,6,1
4,2,7,0,1,2
13,5,8,0,2,7
14,6,-7,1,8,7
9,4,-7,0,1,4
9,3,-6,1,1,7
12,7,-7,0,6,3
17,1,-9,0,1,0
20,9,-10,0,1,0
12,2,-11,0,0,1
7,4,-5,0,2,14
19,10,-8,3,14,3
15,2,8,0,4,4
8,4,-6,1,0,7
5,3,-6,0,1,4
10,8,-7,0,4,5
4,3,6,1,3,3
4,6,8,0,3,0
20,7,7,0,12,1
21,9,7,1,2,3
17,5,-7,0,9,3
8,7,-7,0,2,1
20,8,-8,0,9,0
11,5,-7,0,2,6
10,6,-7,0,1,4
8,1,-6,0,9,2
8,3,-6,1,1,9
20,5,7,0,10,3
16,1,-9,1,3,0
5,6,-8,0,0,1
7,3,-7,0,0,4
5,4,-5,1,5,7
20,3,7,0,13,6
5,7,5,1,23,8
4,8,-8,0,1,0
21,7,-9,0,1,2
15,1,-9,0,4,1
14,2,7,0,9,7
10,2,7,1,1,12
7,5,-5,3,6,15
5,3,5,6,7,15
4,10,-6,0,16,0
8,7,-6,1,2,11
21,6,-7,2,1,6
7,10,-7,0,15,2
9,10,-9,0,1,1
14,10,-8,2,12,4
13,5,-6,2,14,28
9,2,-7,1,0,6
7,2,-6,1,3,12
7,7,7,1,3,3
8,2,7,0,0,8
10,9,7,1,7,5
16,1,7,0,10,1
4,2,5,0,6,11
19,5,-9,0,2,0
15,5,-8,0,3,1
19,2,-8,0,2,0
8,8,-6,1,7,4
4,2,6,0,1,9
10,4,-7,1,0,5
11,9,-8,0,2,1
21,1,-7,0,6,4
10,7,-7,0,2,5
8,10,-8,1,4,3
14,2,-7,0,6,7
16,6,-7,0,3,2
15,5,7,1,12,5
6,9,7,2,2,0
13,3,-7,0,5,11
6,4,-7,0,0,2
10,5,-6,0,2,13
4,9,-5,1,8,0
15,9,-8,0,5,0
6,4,-4,3,21,35
7,2,-5,1,4,23
5,10,6,1,31,3
7,9,-6,1,7,3
6,4,7,1,1,4
15,4,7,0,14,7
21,1,6,6,5,7
15,10,8,3,13,1
7,10,7,0,11,4
19,8,7,0,4,0
6,5,-6,0,2,2
6,6,-7,0,0,1
11,5,-6,2,2,11
11,8,8,0,1,1
10,1,-6,3,14,9
4,1,-5,1,6,0
8,7,9,0,0,1
5,2,-5,1,2,11
5,8,-7,0,3,0
20,9,-8,0,8,1
20,1,-9,1,1,0
7,6,7,1,4,7
21,6,8,0,0,1
20,3,8,0,4,1
21,5,6,0,4,18
11,6,9,0,1,1
20,2,8,0,2,0
8,8,10,1,1,0
11,8,10,0,0,1
14,3,10,0,1,1
10,3,11,0,0,1
10,5,7,1,2,15
20,5,8,0,3,3
5,5,-6,0,3,3
21,5,-8,0,0,3
7,9,6,3,14,5
14,8,8,0,3,4
21,5,8,0,1,3
11,2,-6,0,0,14
5,1,6,0,7,1
5,7,6,0,8,7
21,7,7,0,1,2
5,4,-4,3,14,21
19,7,7,0,7,4
11,1,8,0,2,1
5,10,-8,0,3,0
6,5,-8,0,1,0
6,10,-7,1,4,1
10,10,-8,0,5,5
19,7,-9,0,1,0
20,6,-9,0,1,0
11,9,-9,1,0,0
13,9,-9,0,2,0
9,9,7,1,3,6
5,10,8,0,5,0
13,6,8,1,4,5
14,10,8,0,7,6
11,10,9,1,3,0
17,3,7,0,7,4
11,4,8,0,0,3
19,2,-7,0,6,4
20,7,-9,0,4,0
21,10,-11,0,0,1
17,4,-11,0,0,1
12,4,-11,0,2,0
15,4,-11,0,0,1
8,5,7,0,4,10
13,7,8,0,3,1
14,1,-7,2,11,8
18,1,-8,0,4,2
4,9,6,0,4,3
19,4,-8,0,4,1
7,1,-8,0,1,0
5,7,-7,0,1,1
21,2,-9,0,0,2
4,10,-7,0,2,0
11,6,-7,0,2,5
6,7,-7,0,3,2
16,9,-8,0,3,3
18,5,8,0,2,2
16,5,8,0,2,3
4,7,7,0,3,0
5,2,7,2,1,2
11,9,8,0,3,2
19,10,-9,1,4,2
12,8,-7,1,13,10
17,3,-8,0,1,2
12,9,-8,0,2,3
10,2,9,0,0,2
14,7,-8,0,1,2
14,6,7,0,6,5
6,1,-5,2,23,0
18,7,-9,0,4,0
4,2,8,0,0,1
18,1,8,0,4,0
20,9,7,0,9,1
8,2,-6,0,1,9
20,2,-7,0,19,2
13,7,-8,1,3,5
6,2,-5,0,4,8
16,6,8,0,3,3
19,9,8,0,1,1
21,9,-8,0,0,3
11,1,-7,2,2,5
6,8,-7,0,1,2
6,3,-7,0,0,2
16,10,-8,0,8,8
9,7,-8,0,1,2
5,10,-7,0,5,1
5,10,7,1,6,1
12,9,7,0,12,6
14,10,-10,0,2,0
17,4,6,0,34,23
12,3,8,1,3,8
19,7,-6,0,23,9
8,7,-8,0,2,0
7,9,8,0,2,2
18,7,7,0,1,2
21,6,6,1,5,13
16,8,7,1,10,3
7,6,8,0,1,4
13,9,9,0,1,2
17,3,10,0,0,1
15,5,10,0,1,0
11,2,7,0,0,20
5,7,-5,0,12,4
20,4,-9,0,1,0
15,6,-8,0,5,1
9,6,-8,0,1,2
15,9,7,2,8,1
9,1,7,0,6,4
10,8,7,0,1,4
16,8,-7,0,8,9
17,7,-8,0,4,1
5,9,-7,0,1,1
10,1,-7,0,4,5
10,7,-8,0,0,1
13,4,-7,0,2,11
20,3,-8,0,7,0
17,7,8,0,3,2
12,4,9,0,0,1
4,8,5,0,15,2
16,9,8,1,2,1
15,8,-7,0,9,3
4,3,5,1,1,6
6,10,7,0,13,2
18,10,-9,1,5,2
4,1,5,1,13,0
8,1,7,0,7,2
13,3,9,0,1,1
20,10,-9,0,6,2
10,10,-9,1,2,0
18,7,-10,0,1,0
11,10,-9,0,0,1
20,8,-10,0,1,0
20,4,-11,0,0,1
4,7,-5,3,6,3
10,9,8,1,3,2
17,10,8,2,8,1
5,9,8,0,1,0
19,2,9,0,0,1
9,2,-6,1,1,11
13,8,7,1,10,5
14,7,9,0,2,0
11,3,-6,0,2,11
14,6,8,0,5,0
4,5,-4,0,11,5
6,1,-6,0,7,4
10,5,-8,0,0,2
14,7,-9,2,1,1
10,4,8,0,0,3
12,9,9,0,4,0
20,6,7,0,10,2
16,6,9,1,0,2
14,4,8,0,2,4
7,8,9,0,1,1
7,4,-7,0,0,2
15,2,-7,0,6,4
18,10,8,1,7,4
15,1,8,0,1,2
11,3,10,0,0,1
8,9,11,0,0,1
6,9,-6,1,3,4
13,5,-7,0,6,8
19,3,8,0,5,1
16,4,8,0,2,5
5,3,-5,6,4,9
10,9,-7,0,2,6
4,2,-4,0,5,11
16,8,8,1,5,2
12,6,-8,0,3,2
10,1,-8,0,0,2
13,5,-8,0,2,2
6,5,-7,0,0,2
5,2,6,1,4,8
6,4,8,0,0,1
11,8,7,0,3,9
16,10,8,1,6,3
19,2,7,0,7,3
10,5,8,0,0,6
16,3,8,0,4,0
21,3,8,0,0,4
13,2,8,0,3,8
6,1,7,0,4,1
8,3,7,1,3,10
17,1,-8,0,3,1
15,7,-9,1,2,0
14,2,-9,0,1,1
8,5,-8,0,1,1
5,3,-7,0,0,1
12,1,-9,0,1,0
14,6,-10,0,2,0
19,10,-11,0,1,0
9,9,9,0,1,0
4,7,5,0,8,1
8,4,8,0,0,3
16,4,9,0,3,0
12,8,9,0,1,1
18,2,8,0,1,3
16,1,8,1,3,1
6,8,9,0,1,0
8,10,10,0,1,0
9,2,7,0,0,11
15,7,8,0,3,3
19,2,8,0,2,1
9,10,9,0,2,1
6,6,7,1,2,2
11,7,-7,0,0,2
14,8,-8,1,1,3
10,9,-8,0,1,0
8,5,-6,0,2,3
8,4,7,0,2,13
16,6,-8,0,2,0
12,2,-8,0,1,2
9,2,8,0,0,3
9,10,-8,1,8,3
8,6,-8,0,0,2
4,4,6,1,2,2
18,3,7,0,6,5
21,4,-8,1,0,2
6,2,-8,0,0,1
21,7,-8,0,0,4
4,3,8,0,1,1
18,4,9,0,1,1
20,1,9,0,3,0
17,2,10,0,1,0
17,2,8,1,4,2
4,5,-5,0,6,1
6,3,6,0,4,13
9,6,-7,0,1,1
21,6,-8,0,3,2
6,9,6,0,12,7
18,6,7,0,7,6
5,9,-6,1,6,0
10,8,8,0,2,3
20,4,-8,0,4,0
12,10,-9,1,4,1
20,7,-10,0,1,0
14,2,-10,0,0,1
8,4,-10,0,0,1
15,3,-8,0,0,1
5,2,-6,0,1,3
17,10,-9,0,0,2
13,8,8,0,1,4
5,2,8,0,0,1
7,5,-6,1,4,1
9,9,-7,0,3,2
7,10,8,0,1,3
8,1,9,0,1,0
20,5,9,0,4,0
15,3,9,0,0,2
18,8,9,0,1,0
4,1,7,0,1,0
12,3,9,0,1,0
20,3,9,0,5,0
15,10,-9,0,2,0
16,10,-10,1,1,0
8,5,-5,0,6,13
7,6,-6,1,4,3
21,3,7,0,1,2
17,4,8,0,2,1
8,6,9,0,1,2
20,10,9,1,2,0
12,4,8,0,4,6
8,3,9,0,0,2
7,4,7,0,0,9
11,3,8,0,0,7
17,8,8,1,1,0
14,1,9,0,1,0
18,7,8,0,4,2
8,9,7,1,4,0
12,7,8,0,2,3
8,8,7,2,3,3
17,3,8,0,1,5
5,1,9,0,0,1
10,3,-7,1,0,5
18,2,-8,0,2,3
15,9,-9,0,1,0
11,5,7,0,0,8
11,10,8,1,1,8
18,8,8,0,6,1
8,8,8,0,2,1
6,1,8,0,1,1
8,3,8,0,1,2
15,5,9,0,0,1
17,4,-9,0,4,1
17,9,8,0,2,1
8,7,8,0,2,1
6,7,-6,1,4,1
17,5,8,0,2,4
16,3,-8,0,3,4
14,6,-8,0,1,1
17,9,-8,0,1,1
5,6,-7,0,0,1
17,8,-8,0,3,1
7,9,-7,0,2,1
6,6,8,2,1,1
21,9,-10,1,0,0
15,1,-11,1,0,0
18,4,-11,0,1,0
13,2,-11,0,1,0
12,10,-11,0,1,0
15,8,-11,0,1,0
16,9,-9,0,2,0
9,8,-8,0,1,2
21,10,8,0,4,0
21,6,7,0,1,1
4,9,5,1,9,4
9,8,-7,0,1,0
9,7,-7,0,0,2
11,8,-7,1,0,3
11,8,-8,0,1,3
4,3,7,0,1,1
9,7,8,0,2,3
5,4,-6,0,3,2
9,7,7,1,4,5
7,10,9,0,2,1
6,5,7,0,0,2
7,8,8,1,0,0
4,7,-6,0,0,2
14,5,9,0,0,1
14,10,9,0,5,3
12,5,8,0,1,3
5,4,-7,0,1,1
14,8,9,0,0,1
8,9,8,0,2,0
14,4,-7,0,5,5
8,4,-8,0,0,2
13,1,8,0,3,0
21,1,7,2,1,1
15,4,9,0,2,1
18,4,10,0,0,1
14,6,10,0,0,1
20,2,10,0,1,0
12,1,10,0,1,2
21,6,9,1,0,0
15,8,10,0,1,1
14,9,10,0,0,1
13,10,10,0,1,1
19,5,-8,0,1,1
20,5,-8,0,5,1
13,10,-10,0,1,1
14,2,-8,0,0,2
18,5,-8,0,3,0
21,2,-7,0,1,7
5,7,7,1,6,0
6,2,7,0,0,2
17,4,9,0,0,1
12,10,9,1,2,1
12,3,-8,0,1,3
5,9,-9,0,1,0
14,1,-8,0,0,2
10,3,-8,0,0,2
20,8,-9,0,3,0
17,8,-9,0,1,0
11,4,9,0,0,2
6,7,7,0,1,2
21,2,8,0,0,2
11,7,9,0,0,2
4,6,7,0,4,1
15,8,8,0,2,1
14,9,-8,0,1,1
15,5,8,0,4,2
12,4,-8,0,1,5
9,1,-8,0,4,2
4,1,-8,0,2,0
9,5,-8,0,0,1
15,6,9,0,1,0
14,4,9,0,2,0
21,2,9,0,0,2
10,1,8,0,2,0
20,1,8,0,3,0
9,3,9,0,0,2
16,2,-8,0,2,1
18,5,9,0,2,1
6,10,10,0,1,0
10,5,-7,0,0,3
21,5,-9,0,2,1
19,9,-8,0,3,0
21,3,-8,0,0,1
17,4,-8,0,3,3
19,2,-9,0,3,0
11,5,10,0,0,1
15,9,9,0,2,0
17,4,10,0,1,0
10,7,8,0,0,5
18,3,9,0,0,2
11,5,9,0,1,1
11,2,10,0,0,1
16,2,10,0,0,1
20,10,10,0,1,0
13,9,10,0,1,0
17,9,-9,0,2,0
9,3,-8,0,0,1
7,4,-6,2,2,5
5,5,7,0,1,1
9,10,8,0,7,2
6,8,7,0,7,1
6,8,8,0,0,1
14,2,9,0,1,1
18,10,9,0,3,0
13,2,9,0,3,0
14,8,10,0,0,1
20,9,10,0,2,0
8,7,10,0,0,1
5,6,-6,0,1,2
4,3,-6,0,0,1
7,5,7,1,4,3
4,1,-6,0,2,0
9,4,9,0,1,0
11,6,-8,0,0,1
11,3,-8,0,0,2
8,9,9,0,0,1
7,10,-8,1,3,0
18,3,-9,0,1,0
8,8,-8,0,1,1
8,1,-8,0,3,0
21,4,-9,0,0,2
16,3,-10,0,1,0
18,9,-8,0,3,0
6,10,-9,0,1,0
20,10,-10,0,1,1
4,4,-9,0,0,1
7,5,-9,0,0,1
15,5,-9,0,1,0
13,9,8,0,2,3
5,2,9,0,0,1
15,1,-8,1,3,3
5,1,7,0,2,0
13,4,8,0,3,4
16,8,-8,0,5,0
13,6,-8,0,3,3
4,5,6,1,2,3
7,2,8,0,2,1
12,5,9,0,2,1
17,8,10,0,1,0
18,9,8,0,0,1
5,4,7,0,0,5
14,4,-8,0,0,3
17,6,-8,0,2,0
17,1,9,0,1,0
20,4,9,0,0,1
14,1,-10,0,2,0
20,10,-11,0,1,0
15,10,-12,0,0,1
4,5,7,0,1,2
7,1,8,0,2,0
13,8,9,0,1,0
4,9,-6,0,1,0
14,10,-9,0,3,1
7,3,8,0,1,4
4,5,-6,1,1,0
20,6,-8,0,4,0
12,3,-9,0,0,1
20,2,-9,0,1,0
6,6,-6,0,2,0
4,1,-7,0,2,0
18,3,-8,0,1,1
12,8,8,0,1,1
4,5,-7,0,2,1
12,2,-9,0,0,1
17,5,-8,0,2,2
7,10,10,0,1,0
16,1,-8,0,1,1
4,2,-5,0,1,6
14,3,9,1,0,0
20,4,8,0,6,0
7,2,-7,0,0,2
18,8,-9,0,1,1
7,1,-9,0,1,0
19,10,-10,0,1,0
12,10,-10,0,2,2
18,10,-10,0,3,0
18,10,-11,0,1,0
13,7,9,0,1,0
13,4,9,1,0,2
10,9,10,1,0,0
19,10,9,0,2,0
11,2,-8,0,0,3
4,7,-7,0,1,0
9,1,8,0,2,0
9,9,8,0,3,0
17,10,9,0,2,1
8,3,-7,0,0,2
21,8,-8,0,1,1
6,1,-7,1,1,0
5,8,7,0,3,0
10,1,7,0,3,0
10,8,-8,0,0,1
9,10,10,1,1,0
19,1,10,0,1,0
21,4,11,0,0,1
4,8,-5,2,3,0
11,3,-7,0,0,2
8,8,-7,1,2,0
20,7,8,0,2,0
4,8,-7,1,0,0
5,4,8,0,0,2
21,8,8,0,0,1
21,8,-9,0,0,2
8,5,8,0,0,1
19,6,-8,0,2,0
5,3,7,1,0,1
13,3,-8,0,1,2
9,2,-8,0,0,4
15,2,-9,0,0,2
16,10,-9,0,2,1
8,10,-9,0,1,1
5,5,8,1,0,0
18,6,-9,0,1,0
10,6,8,1,0,4
9,5,8,0,0,4
21,3,-9,0,0,1
20,9,9,0,1,0
17,7,9,0,1,0
19,1,-10,0,1,0
16,2,11,0,1,0
11,1,-8,0,0,1
14,5,-9,0,2,0
12,4,-10,0,0,1
11,9,-10,0,1,0
11,6,8,1,0,3
11,1,9,0,1,0
9,1,-7,1,2,1
20,3,-9,0,0,1
11,10,-10,0,0,1
18,9,-10,0,1,0
7,4,8,1,0,1
4,10,-8,0,1,0
6,3,-8,0,1,0
16,5,-8,0,1,2
12,9,-9,0,1,0
8,2,8,0,0,1
18,6,8,0,1,0
11,8,9,0,0,1
15,3,10,0,1,0
16,10,9,0,2,0
10,1,9,0,1,0
9,6,9,0,1,1
6,10,-8,0,1,0
4,5,-8,0,0,1
14,1,-9,0,1,0
4,9,8,0,1,0
16,3,-9,0,0,2
7,7,8,1,0,0
11,3,9,0,0,1
6,3,8,0,0,1
7,5,10,0,0,1
16,7,9,0,1,1
12,7,9,0,1,0
21,4,8,0,0,2
19,7,9,0,1,0
20,1,-10,0,1,0
19,5,-10,0,0,1
15,3,-11,0,1,0
15,7,-11,0,1,0
18,5,-11,0,1,0
8,8,-10,0,1,0
15,8,-9,0,1,0
17,10,-10,0,1,0
7,2,9,0,0,2
16,5,10,0,0,1
15,6,10,0,1,0
17,9,9,0,0,1
10,7,10,0,0,1
19,10,10,0,1,0
12,4,-9,0,0,1
7,6,-8,0,0,2
5,5,9,0,1,0
10,3,9,0,0,1
20,2,9,0,1,1
20,9,-9,0,1,0
14,9,-9,0,1,1
18,9,9,0,2,0
21,9,8,0,1,1
12,9,10,0,0,1
11,10,10,0,1,1
6,7,-8,0,1,0
18,1,-10,0,1,0
9,3,-9,0,0,1
7,6,-7,0,0,2
7,5,8,0,0,2
4,10,8,0,1,0
14,2,10,0,1,0
15,2,10,0,1,0
10,1,10,1,0,0
10,4,9,0,0,1
7,1,10,1,0,0
7,8,-7,0,1,0
10,6,9,0,0,1
19,3,9,0,1,0
14,9,-10,0,0,1
17,6,8,0,1,0
16,9,9,0,1,0
10,6,10,0,0,1
15,7,10,0,1,0
19,5,8,0,1,0
15,3,-10,0,0,1
7,5,-7,1,0,1
18,4,-8,0,0,1
10,8,10,0,0,1
13,8,-9,0,0,2
17,2,-8,0,1,0
9,1,-9,0,1,0
19,1,-11,0,1,0
10,10,-10,0,1,0
11,5,-9,0,1,0
10,4,-9,0,1,0
19,9,-9,0,1,0
16,9,-10,0,0,1
16,1,-10,0,0,1
10,8,-9,0,0,1
5,1,-7,0,1,0
12,5,-9,0,1,0
21,6,-10,0,0,1
10,5,9,0,0,1
14,10,10,0,1,0
4,4,-6,0,1,0
15,1,-10,0,1,0
8,3,-8,0,0,1
4,2,-6,0,0,1
18,7,9,0,1,0
19,1,9,0,1,0
5,4,9,0,1,0
18,2,-9,0,1,0
18,2,9,0,0,1
13,8,-8,0,0,1
8,8,9,0,0,1
19,8,-10,0,1,0
10,2,8,0,0,1
5,1,-8,0,1,0
