14,7,0,641,4896,3481
15,10,0,2508,23058,7879
20,1,-1,766,3021,5960
20,5,-1,0,0,7064
6,10,0,0,6970,0
6,3,1,108,1394,118
17,6,1,332,0,4106
14,9,1,406,3939,1232
21,4,0,0,0,4814
21,8,0,0,0,4519
9,3,1,224,1933,986
20,10,0,10180,2616,20883
16,7,0,649,2954,4117
14,2,0,0,0,8974
19,5,0,0,0,6113
16,10,0,2330,18908,9527
14,10,-1,1791,17762,3680
19,7,-2,0,0,1879
8,10,-2,0,2868,0
16,5,-2,124,0,1716
12,6,-2,198,1327,704
15,4,-1,323,0,3969
15,2,-1,0,0,4277
11,10,-1,0,10906,0
7,6,0,0,1848,0
10,10,0,0,16997,0
14,1,0,656,6829,1385
11,8,0,341,4011,369
13,8,0,732,6740,2233
11,4,0,358,2272,1681
6,6,1,0,1662,0
20,8,0,0,0,10392
13,5,0,733,4375,4241
14,6,1,517,2962,2845
19,1,1,226,1071,1445
21,10,0,1111,0,13598
5,2,1,92,941,82
17,10,0,2077,14831,10657
11,5,1,311,2331,1178
12,5,1,508,3709,2522
16,4,1,0,0,5377
12,7,1,410,4087,1314
15,6,1,436,2189,3054
15,3,2,0,0,2719
12,10,2,674,9012,0
14,6,2,234,1412,1325
20,10,1,5234,1393,10476
21,4,1,0,0,2481
21,5,0,0,0,4885
9,5,0,222,2198,463
18,4,1,0,0,3877
9,8,2,0,1286,0
16,5,2,209,0,2218
10,8,3,45,592,0
16,8,3,64,495,402
19,7,3,0,0,604
5,5,4,0,102,0
11,2,5,12,62,76
15,10,5,33,401,108
21,10,5,18,0,180
21,8,5,0,0,61
12,10,4,105,1666,0
13,2,0,750,0,8696
16,2,0,0,0,7694
19,4,0,0,0,6138
16,3,1,0,0,5193
17,8,1,297,1490,2032
16,8,1,349,2188,2094
7,10,1,0,6350,0
13,3,2,970,250,1815
18,9,1,255,1377,1804
13,7,1,489,3725,1771
21,10,1,608,0,6953
16,5,1,425,0,4804
19,7,2,0,0,1462
16,7,2,165,870,1095
17,9,2,135,829,817
15,5,3,390,106,670
19,2,2,0,0,1744
5,3,3,15,187,0
16,4,4,0,0,467
15,10,3,219,2541,737
19,3,4,0,0,304
20,4,4,0,0,548
13,10,5,39,505,45
18,10,4,70,464,381
16,8,5,9,84,50
16,10,4,93,863,357
12,2,5,56,21,142
16,9,5,7,96,50
4,7,6,0,4,0
13,3,0,2822,681,5708
13,9,1,436,4628,829
16,9,1,363,2469,1737
18,9,0,483,2522,3469
15,2,0,0,0,8313
17,3,0,0,0,7227
20,7,0,0,0,10224
20,6,-1,0,0,7134
12,10,-1,1896,22835,0
15,10,-1,1708,14988,5264
13,5,-1,362,2129,2190
15,9,0,650,5383,2587
11,10,0,0,19373,0
9,10,0,0,14427,0
14,8,0,602,5556,2769
16,8,0,652,3652,3680
19,10,-1,1365,6756,9788
13,6,-1,359,2455,1808
15,6,0,618,3198,4323
12,3,-1,375,1741,2600
11,3,1,305,1793,1715
15,3,1,0,0,5681
13,5,1,520,3187,3004
13,6,0,702,5200,3681
15,10,1,1331,12247,3875
6,10,1,0,4747,0
11,1,2,0,1344,0
19,1,-1,346,1687,2460
15,6,-1,296,1631,2242
10,3,0,291,1930,1386
9,7,0,270,3204,0
21,10,-1,1340,0,16320
21,1,-1,1320,0,3079
16,4,-1,0,0,3977
13,4,0,752,3643,5068
18,6,-1,0,0,3870
17,6,-1,297,0,3747
10,6,-1,135,1352,304
15,8,-1,383,2462,1894
10,10,-1,0,9478,0
16,10,-1,1569,12528,6542
18,10,-2,681,4117,4335
15,5,-1,1293,332,2577
14,6,-1,354,2021,2048
6,8,-1,0,793,0
10,7,0,329,3430,358
19,2,1,0,0,3542
14,1,1,328,3649,684
10,1,1,0,2560,0
19,3,1,0,0,3597
20,6,1,0,0,5576
13,8,1,445,4069,1385
12,4,0,702,4313,4317
17,6,0,566,0,6776
21,7,-1,0,0,3581
18,1,-1,383,2217,2259
16,3,0,0,0,7806
8,10,0,0,12101,0
13,7,0,719,5948,3032
20,10,-1,11620,3013,24067
18,10,-1,1517,8871,9244
6,10,-1,0,3680,0
19,4,-1,0,0,3517
12,10,0,2898,34573,0
19,7,0,0,0,5928
15,4,0,650,0,7651
12,2,0,2794,711,5350
20,7,-1,0,0,7965
13,10,-1,1895,20517,1869
19,8,-2,138,0,1720
13,4,-1,357,1755,2561
14,3,0,669,0,8142
20,2,-1,0,0,7157
16,3,-1,0,0,4112
20,9,-1,603,0,7394
5,4,2,0,501,0
7,10,2,0,3017,0
7,8,0,0,2328,0
18,10,0,1863,11518,11533
13,9,0,726,7310,1533
9,9,0,0,3546,0
8,10,1,0,8114,0
16,1,1,319,2481,1238
12,10,1,1611,19400,0
18,7,1,276,0,3184
18,10,1,955,5604,5485
7,7,1,0,1797,0
13,2,1,524,0,6327
15,8,1,445,2743,1948
18,1,1,232,1412,1337
11,4,2,124,1001,636
17,1,1,265,1889,1288
4,2,2,9,207,0
13,10,1,1560,17716,1635
12,3,1,515,2537,3539
8,6,1,214,2485,0
15,1,0,648,5808,1844
20,6,0,0,0,10859
15,1,-1,451,3848,1274
19,9,-1,1144,290,2476
18,2,-1,0,0,3926
16,7,-1,345,1791,2457
10,2,0,252,1725,1641
17,1,-1,398,2753,2030
17,3,-1,0,0,3991
19,7,-1,0,0,4086
18,5,-1,0,0,3878
20,1,-2,340,1301,2726
19,10,-3,298,1304,2074
7,4,-2,30,371,31
9,10,-2,0,3664,0
6,6,-2,0,315,0
14,3,-2,149,0,1932
11,7,-1,182,1777,385
20,10,-2,4852,1256,10648
18,9,-3,68,313,490
15,7,-3,76,413,504
12,8,-3,99,782,158
14,10,-3,402,3480,845
15,2,-2,0,0,1988
19,1,-3,61,342,538
17,5,0,0,0,7286
13,7,-1,443,3352,1624
7,7,0,0,2321,0
19,3,-1,0,0,3603
21,2,-1,0,0,3206
10,6,0,273,2821,589
17,9,0,550,3161,3342
20,9,0,801,0,9252
13,1,0,748,8224,688
17,8,0,500,2719,3766
18,6,0,0,0,6697
19,3,0,0,0,6157
18,6,1,0,0,3970
17,7,0,2161,538,4328
9,10,1,0,9341,0
15,1,1,342,3125,1011
15,2,1,0,0,5646
18,4,0,0,0,6694
21,10,-2,552,0,7094
15,10,-2,813,7012,2560
16,9,-2,155,1087,829
20,8,-2,0,0,3796
6,9,-2,0,394,0
20,4,0,0,0,10731
13,10,0,2924,32617,2974
17,10,-1,1596,11068,8318
12,7,0,757,6733,2182
15,3,0,0,0,8284
16,9,0,570,4278,3001
19,6,0,0,0,6324
14,10,0,2791,27396,5605
5,10,0,0,4881,0
11,1,0,0,4882,0
21,2,0,0,0,4826
18,8,0,1905,517,3950
12,7,-1,428,3701,1278
16,9,-1,350,2455,1772
21,7,-2,0,0,1773
12,8,-1,417,4100,863
13,9,-1,450,4060,883
11,9,0,353,4317,0
16,6,0,2313,587,4618
14,1,-1,461,4386,922
12,9,0,752,8177,720
11,5,0,339,2736,1347
12,6,0,741,5722,2848
14,4,1,1860,448,3732
14,5,1,498,2416,3251
6,7,2,0,574,0
10,9,2,0,1403,0
20,5,2,0,0,2671
19,8,1,237,0,2821
13,4,2,280,1277,1618
18,10,2,446,2638,2487
18,8,1,1061,235,2006
5,5,2,0,491,0
10,3,3,52,372,232
20,10,3,1053,290,1838
13,10,3,298,3506,303
21,10,3,117,0,1280
14,6,3,89,603,546
6,2,1,123,1305,241
11,10,1,0,11929,0
10,10,1,0,10426,0
18,1,0,497,2879,2828
10,5,0,269,2546,878
20,2,0,0,0,10675
17,4,1,0,0,4481
19,10,1,856,4232,5694
15,7,1,397,2414,2344
10,9,1,0,2945,0
4,6,2,0,246,0
20,9,1,422,0,4543
13,10,2,658,8347,771
14,10,1,1430,14988,2833
15,7,0,661,4016,3899
21,5,-2,0,0,1478
15,1,-2,209,1751,561
13,6,-2,180,1091,862
12,9,-2,199,2024,184
15,6,-2,166,671,1099
10,8,-2,86,876,0
11,6,1,291,2643,857
17,10,-2,723,5146,3958
17,2,-2,0,0,1924
7,8,-2,0,469,0
14,5,-2,161,719,1186
13,10,-2,916,9665,941
9,2,-1,126,790,592
14,1,-2,210,2087,410
18,4,-1,0,0,3927
15,7,-1,381,2111,2369
21,2,-2,0,0,1525
18,1,-2,168,972,1123
20,7,-3,0,0,1695
14,3,-3,69,0,831
14,5,-3,78,334,483
11,1,-3,0,518,0
11,10,-3,0,2224,0
12,4,-2,171,981,1050
17,2,-3,0,0,780
17,3,-3,0,0,804
18,1,-5,14,69,67
15,7,-5,8,59,68
14,4,0,2728,650,5399
21,7,0,0,0,4586
9,2,0,232,1576,1157
16,2,1,0,0,5360
14,7,1,409,2990,2065
6,1,1,0,1172,0
9,1,-1,0,1901,0
21,6,-1,0,0,3222
16,5,-1,299,0,3697
11,2,0,305,1711,2410
20,4,-1,0,0,7051
18,9,-1,340,1626,2463
11,8,-1,208,1975,196
14,6,0,696,4030,4100
19,5,-1,0,0,3573
19,8,0,443,0,5560
8,2,0,150,1419,666
20,3,-1,0,0,7160
11,2,-1,170,815,1123
21,5,-1,0,0,3202
12,2,-1,1400,374,2869
8,10,-1,0,5913,0
12,3,0,711,3523,4934
17,7,-1,1378,345,2851
14,9,-1,413,3547,1269
10,9,0,0,4004,0
4,10,0,0,2340,0
13,4,1,570,2705,3570
12,5,2,252,1757,1138
19,3,2,0,0,1627
11,5,2,143,1058,521
12,4,1,546,3096,3081
20,8,1,0,0,4856
19,1,0,432,2246,3026
14,2,1,0,0,6305
15,9,1,393,3066,1488
8,1,2,0,941,0
11,3,2,134,835,779
7,5,3,29,403,0
18,9,2,125,644,780
14,3,-1,325,0,4216
17,2,-1,0,0,3993
7,3,1,174,1714,341
20,1,1,351,1402,2592
21,1,0,1128,0,2522
11,8,1,213,2787,222
12,8,1,461,4585,867
13,5,2,257,1536,1471
18,2,2,0,0,1833
9,2,2,93,772,501
20,3,2,0,0,2709
21,6,2,0,0,1111
12,9,2,197,2426,205
19,10,2,334,1973,2587
12,7,2,193,1982,587
8,4,3,26,398,80
20,10,2,2558,647,4701
13,7,2,202,1827,797
14,8,2,187,1609,734
17,8,2,142,709,994
18,3,0,0,0,6691
7,4,1,174,1896,172
16,1,0,622,4913,2369
10,4,1,288,2146,1038
6,1,-1,0,901,0
21,6,-2,0,0,1458
14,10,-2,838,8208,1792
18,1,-3,84,467,483
17,6,-3,61,0,719
12,10,-3,407,4553,0
8,2,-2,42,337,156
16,7,-3,69,305,511
18,3,-3,0,0,787
16,3,-2,0,0,1872
15,10,-3,357,3128,1046
18,1,-4,36,185,222
11,2,-3,26,163,203
17,8,-3,54,335,557
16,10,1,1185,10023,4799
9,9,-1,0,1690,0
19,2,-1,0,0,3551
19,1,-2,177,800,1119
14,8,-2,175,1403,736
6,1,-2,0,423,0
18,7,-2,143,0,1947
10,3,-1,124,961,684
18,2,-2,0,0,1769
9,3,0,223,1880,887
16,6,1,1606,414,3139
12,2,2,976,253,1869
20,7,1,0,0,5133
12,9,-1,451,4533,434
12,8,0,739,7407,1488
18,8,-1,1252,311,2605
9,10,-3,0,1607,0
14,1,-3,101,882,154
14,9,-2,185,1538,571
17,5,-2,0,0,1849
20,10,-3,2225,539,4741
20,3,-3,0,0,1445
11,4,-2,78,500,383
12,5,-2,153,1105,892
10,4,-1,144,1071,575
7,10,-1,0,4859,0
9,10,-1,0,7860,0
9,4,0,229,2126,687
12,6,1,458,4243,2124
19,7,1,0,0,3076
16,7,1,350,1774,2340
12,4,-1,355,2194,2166
17,5,-1,0,0,4094
21,9,-2,0,0,1695
5,2,-1,40,408,25
8,1,1,0,2002,0
19,10,0,1648,8723,12380
13,6,1,528,3772,2546
15,5,1,1791,426,3371
14,2,-1,0,0,4347
13,1,-1,454,5319,443
14,5,-1,341,1681,2465
11,9,-1,184,2239,0
6,3,-1,51,558,64
8,1,-1,0,1536,0
18,2,0,0,0,6564
12,1,0,696,8856,0
21,8,-1,0,0,3642
5,10,-1,0,2501,0
20,5,-2,0,0,3334
7,6,-1,0,987,0
16,8,-1,343,2046,2084
11,8,-3,37,382,42
21,2,-3,0,0,601
17,4,-4,0,0,365
12,10,-4,199,1942,0
12,9,-4,40,374,42
14,5,-4,40,129,221
8,3,0,192,1580,556
10,3,1,273,1961,1317
8,5,1,210,2329,212
13,1,2,177,2049,172
9,7,1,199,2438,0
7,5,2,71,835,0
21,10,2,259,0,3294
17,1,0,499,3751,2658
10,7,1,246,2384,223
8,2,1,194,1789,841
18,3,1,0,0,3909
21,6,1,0,0,2460
14,5,2,212,1117,1511
12,6,3,103,845,397
18,8,2,527,114,959
10,1,3,0,577,0
13,4,3,106,591,718
17,9,-2,165,955,1035
4,4,-2,0,113,0
13,7,-2,213,1455,881
15,9,-1,353,2907,1533
9,5,-1,128,1051,208
13,10,-3,403,4120,396
12,7,-2,210,1622,618
10,9,-3,0,381,0
11,10,-2,0,5048,0
5,5,-1,0,455,0
12,10,-2,889,10322,0
15,3,-4,0,0,379
15,4,-3,66,0,740
13,8,-3,99,738,278
15,4,1,425,0,5320
10,5,2,108,1085,330
12,4,2,243,1519,1395
20,9,2,190,0,2080
21,1,1,539,0,1252
10,10,2,0,4826,0
18,1,2,98,668,610
9,4,1,221,2233,710
7,4,2,62,795,68
18,5,2,0,0,1904
14,2,3,0,0,1240
15,10,2,599,5764,1846
13,2,2,253,0,2855
19,5,3,0,0,731
13,7,3,83,763,363
8,6,4,12,227,0
13,6,5,9,145,69
13,5,5,15,89,96
6,9,5,0,39,0
12,10,5,37,611,0
20,10,5,167,47,301
13,10,4,139,1607,127
21,6,0,0,0,4745
20,3,0,0,0,10684
9,1,0,0,3636,0
12,9,1,457,4969,432
17,8,-1,320,1752,2476
17,1,-2,185,1290,913
8,6,-1,95,1043,0
14,5,0,657,3324,4752
12,1,1,419,4808,0
9,10,2,0,4273,0
18,7,2,133,0,1416
10,1,2,0,1227,0
9,3,-1,108,882,462
10,4,0,311,2190,1022
19,6,1,0,0,3586
13,3,1,2084,540,4065
14,3,1,514,0,5710
17,5,1,0,0,4491
7,2,2,73,699,198
17,7,1,1217,269,2249
18,5,1,0,0,3851
18,7,0,509,0,5951
16,8,-2,159,933,1004
11,9,-3,33,449,0
20,1,-3,166,520,1253
20,5,-4,0,0,618
15,10,-4,158,1356,540
9,2,-3,26,154,127
9,7,-3,28,284,0
16,2,-2,0,0,1853
12,8,-2,209,1852,398
13,3,-1,1329,318,2960
8,7,1,0,2200,0
12,3,2,259,1276,1679
15,5,-2,554,129,1196
19,6,-2,0,0,1657
9,8,-2,0,791,0
18,4,-2,0,0,1726
13,4,-2,178,778,1203
16,1,-2,218,1459,779
21,8,-3,0,0,786
12,7,-3,93,746,263
13,10,-4,199,1760,168
9,9,-3,0,322,0
20,7,-4,0,0,704
15,2,-4,0,0,369
9,4,-2,39,475,168
18,3,-2,0,0,1769
18,7,-3,58,0,813
18,2,-3,0,0,768
6,5,0,0,1324,0
16,4,0,0,0,7775
7,9,0,0,2320,0
13,2,-2,164,0,2064
17,6,-2,132,0,1710
21,8,-2,0,0,1723
18,5,-2,0,0,1742
10,9,-1,0,2039,0
8,9,0,0,2813,0
21,5,-3,0,0,671
12,2,1,2104,513,4124
20,2,1,0,0,5655
9,9,1,0,2625,0
9,1,2,0,1079,0
19,4,1,0,0,3548
13,1,1,403,4485,411
21,2,1,0,0,2539
17,2,1,0,0,4564
17,3,1,0,0,4474
20,7,2,0,0,2242
14,2,2,0,0,2853
20,2,2,0,0,2549
18,3,2,0,0,1831
15,2,3,0,0,1136
8,7,0,0,2756,0
14,8,-1,431,3033,1577
9,8,1,0,2677,0
20,1,0,722,2650,5325
21,5,1,0,0,2522
20,4,-2,0,0,3237
20,7,-2,0,0,3899
7,4,0,147,1620,139
7,10,0,0,9573,0
19,2,0,0,0,6115
6,10,-2,0,1732,0
17,10,-3,345,2241,1790
12,1,-3,83,1128,0
18,4,-4,0,0,326
13,3,-2,670,131,1348
18,10,-3,297,1750,2075
6,5,-3,0,120,0
14,7,-2,151,1242,956
10,6,-2,59,589,135
10,10,-2,0,4355,0
17,4,-2,0,0,1879
14,4,-1,1325,327,2753
21,4,-2,0,0,1431
16,10,-3,352,2500,1340
11,6,0,345,3041,965
12,5,0,724,4941,3577
21,3,0,0,0,4850
12,7,3,91,842,242
21,2,3,0,0,523
20,5,0,0,0,10720
5,8,1,0,982,0
20,3,1,0,0,5683
8,5,0,182,1990,174
7,2,1,153,1549,489
18,4,2,0,0,1845
14,3,2,246,0,2647
20,4,1,0,0,5616
14,9,2,187,1776,565
14,1,2,179,1706,339
15,6,2,219,1023,1421
16,10,2,493,4678,2158
21,7,2,0,0,1045
12,1,-1,438,5839,0
7,5,0,139,1725,0
16,10,-2,731,5780,3058
15,7,-2,165,990,1082
12,5,-1,389,2531,1825
18,9,-2,152,769,1102
20,10,-4,896,232,2232
14,10,-5,63,506,123
15,10,-5,56,470,159
19,9,-5,34,5,73
21,9,-1,0,0,3567
6,4,-1,54,642,0
12,1,-2,197,2689,0
13,5,-2,154,944,1022
15,8,-2,167,1136,914
20,10,-5,331,88,823
16,5,-4,24,0,292
17,10,-5,50,318,303
5,10,-5,0,83,0
9,8,-6,0,15,0
17,4,-6,0,0,47
11,1,1,0,2946,0
7,9,2,0,854,0
12,6,2,216,2011,982
19,4,2,0,0,1688
17,10,2,507,3528,2303
5,10,2,0,1508,0
8,5,3,34,465,29
15,6,3,76,481,597
9,8,4,0,242,0
13,4,4,51,249,297
11,7,4,16,232,37
14,6,4,62,317,226
13,3,4,195,55,355
14,10,4,99,1234,228
14,4,5,69,16,116
12,1,5,11,144,0
19,8,5,9,0,92
8,10,5,0,270,0
10,4,5,9,73,34
19,6,5,0,0,126
15,10,6,16,140,31
9,1,5,0,71,0
9,6,2,93,1213,108
10,8,2,108,1308,0
16,4,2,0,0,2373
17,10,1,1058,7597,5101
13,8,2,200,1944,646
20,4,2,0,0,2605
14,8,3,80,706,327
6,7,4,0,147,0
16,7,3,73,386,463
10,10,4,0,899,0
16,10,3,201,2108,866
12,2,4,206,58,356
20,9,4,31,0,390
18,6,4,0,0,342
20,1,3,61,247,453
9,5,3,47,493,95
9,3,4,23,204,81
5,5,1,0,1170,0
10,8,0,334,3690,0
8,4,0,165,1753,370
15,5,0,2435,676,5000
11,7,0,382,3604,728
19,9,0,1761,437,3539
10,7,-2,70,816,91
14,7,-3,73,488,411
21,3,-4,0,0,278
11,10,-4,0,898,0
15,8,-4,37,219,196
14,3,-4,25,0,354
13,9,-5,16,137,18
20,10,-6,95,29,316
21,6,-6,0,0,23
17,1,-6,6,36,24
14,10,-6,21,192,41
12,7,-6,3,38,13
6,9,-5,0,25,0
21,3,-7,0,0,11
15,9,-7,1,7,7
10,6,1,270,2687,498
18,5,0,0,0,6671
20,8,-1,0,0,8114
15,3,-2,0,0,1990
9,3,-2,56,409,221
21,3,-1,0,0,3164
8,1,0,0,3006,0
19,10,-2,629,3044,4782
13,1,-2,230,2429,214
15,8,-3,75,519,410
7,1,-2,0,564,0
8,7,-2,0,631,0
7,7,-2,0,500,0
20,5,-3,0,0,1428
19,10,-4,109,559,942
13,8,-4,27,288,109
15,7,-4,32,179,221
8,3,-3,11,163,60
5,9,-2,0,277,0
17,7,-4,91,33,260
18,9,-4,44,154,207
12,9,-5,9,132,9
14,4,-5,31,9,77
11,4,-4,9,66,79
20,8,-5,0,0,264
8,6,0,166,2135,0
15,3,-1,0,0,4302
10,5,1,263,2438,770
18,2,1,0,0,3878
19,9,1,917,231,1870
7,7,2,0,852,0
14,3,3,101,0,1178
13,5,3,113,702,609
11,10,3,0,2362,0
19,10,3,173,890,1061
18,7,3,50,0,658
12,10,3,295,3868,0
20,5,3,0,0,1168
13,8,3,88,872,234
9,10,3,0,1836,0
16,6,2,772,204,1484
17,6,3,81,0,830
19,5,2,0,0,1677
15,8,0,650,4463,3235
13,8,-2,206,1743,579
19,4,-2,0,0,1571
18,3,-1,0,0,3866
9,8,0,0,3500,0
5,10,1,0,3236,0
21,4,-1,0,0,3205
9,4,-1,120,1002,347
19,3,-2,0,0,1633
20,6,-2,0,0,3336
19,5,-3,0,0,677
14,2,-2,0,0,2066
11,9,1,252,3093,0
13,6,2,242,1744,1132
15,4,4,45,0,475
10,5,4,24,229,62
17,10,4,82,664,372
11,4,4,29,206,129
14,7,4,27,265,160
16,10,5,43,344,123
12,8,5,11,151,33
13,1,5,12,133,8
11,10,6,0,114,0
5,9,0,0,1152,0
10,1,-2,0,1111,0
7,5,1,178,2126,0
14,6,-2,158,908,983
9,6,0,203,2443,239
9,5,1,220,2450,453
9,7,2,81,1091,0
11,6,-1,150,1440,504
7,8,-1,0,1071,0
10,4,2,121,1030,419
6,10,2,0,2221,0
15,4,2,198,0,2472
11,10,2,0,5520,0
12,1,2,201,2257,0
11,4,1,319,2160,1419
14,4,2,945,218,1781
15,2,2,0,0,2643
14,8,1,424,3371,1685
15,7,2,187,1112,1023
14,10,2,585,6810,1248
20,2,3,0,0,1118
16,5,0,609,0,7181
8,8,0,0,2741,0
11,1,-1,0,2821,0
19,5,-2,0,0,1659
20,9,-2,284,0,3367
7,3,-1,82,709,148
8,5,-2,46,465,45
21,8,2,0,0,1040
7,4,3,29,377,30
9,6,1,239,2758,235
5,5,0,0,900,0
15,9,-3,69,586,286
18,7,-1,338,0,4001
7,3,0,149,1391,277
21,9,1,0,0,2161
15,9,2,157,1477,759
4,7,0,0,512,0
8,9,-1,0,1337,0
10,8,1,232,2740,0
10,7,2,110,1208,86
17,9,1,283,1769,1781
7,8,2,0,826,0
15,1,3,45,621,209
11,9,3,41,636,0
11,8,3,54,606,45
18,10,3,177,1136,923
19,2,3,0,0,720
4,1,3,0,84,0
12,1,3,71,930,0
14,10,3,274,2951,549
18,4,3,0,0,769
7,8,4,0,168,0
20,3,3,0,0,1143
12,6,-1,345,2857,1475
20,3,-2,0,0,3264
10,7,-1,183,1620,161
19,8,-1,281,0,3560
6,2,-1,52,540,107
16,1,-1,393,3206,1604
13,8,-1,424,3768,1266
11,3,0,346,2013,1951
17,4,-1,0,0,3972
14,7,-1,333,2709,1992
7,1,-3,0,260,0
12,9,-3,75,886,71
15,3,-3,0,0,856
21,10,-3,263,0,3074
17,3,-4,0,0,335
17,5,-4,0,0,336
9,1,-4,0,155,0
13,4,-4,33,132,226
16,2,-1,0,0,4115
7,1,1,0,1677,0
7,9,1,0,1813,0
7,8,1,0,1837,0
9,6,3,41,489,50
19,6,4,0,0,275
15,6,4,46,235,258
15,8,4,42,261,150
19,5,4,0,0,292
15,1,5,10,84,36
19,10,5,24,133,149
10,10,5,0,309,0
16,7,6,6,24,27
17,10,5,30,212,121
14,10,5,33,465,70
7,6,6,0,21,0
8,8,1,0,2297,0
21,1,2,268,0,538
19,5,1,0,0,3665
11,7,-2,83,818,168
14,10,-4,180,1541,296
5,8,-3,0,99,0
6,8,-2,0,387,0
17,7,-2,590,149,1236
6,3,-2,24,269,18
7,5,-1,69,815,0
13,9,-2,171,1886,389
18,6,-2,0,0,1774
9,4,-3,17,188,71
21,6,-3,0,0,638
11,3,-3,28,175,206
17,1,-4,37,237,175
11,6,-4,13,128,47
17,4,-3,0,0,818
21,1,-4,98,0,266
14,1,-4,39,375,80
9,2,1,237,1702,1215
9,1,1,0,2368,0
20,5,1,0,0,5631
17,4,0,0,0,7256
5,3,1,88,992,0
16,3,3,0,0,1049
21,3,1,0,0,2456
14,7,3,100,630,399
20,1,2,133,667,1151
16,9,2,167,1187,756
18,9,3,49,274,332
9,7,4,18,220,0
11,8,4,14,249,33
11,9,2,137,1434,0
10,6,2,127,1235,238
16,5,3,92,0,981
11,5,4,25,217,83
15,1,4,27,240,96
9,7,3,42,467,0
11,9,4,16,287,0
12,8,3,82,897,168
5,6,-1,0,437,0
5,7,0,0,1162,0
5,1,-1,0,650,0
10,2,1,264,1652,1582
12,9,3,78,1040,75
8,10,3,0,1640,0
9,4,3,54,453,138
17,10,3,189,1519,963
12,6,4,44,363,177
20,7,4,0,0,443
17,7,4,96,24,191
13,8,4,52,347,97
11,3,-1,180,928,1016
5,2,0,64,728,67
8,4,-2,43,410,85
21,9,2,0,0,960
20,6,2,0,0,2689
9,3,2,107,857,416
16,3,2,0,0,2427
15,7,3,60,502,426
16,4,3,0,0,1036
21,5,2,0,0,1202
16,8,2,148,996,930
7,1,0,0,2378,0
6,9,0,0,1709,0
5,7,1,0,920,0
21,4,2,0,0,1188
21,3,2,0,0,1150
17,4,2,0,0,2086
12,2,3,425,98,789
10,10,3,0,2119,0
5,1,0,0,1228,0
4,2,1,37,438,0
15,8,2,166,1262,866
16,2,2,0,0,2474
9,5,2,105,1076,222
12,3,3,111,580,698
11,1,3,0,604,0
7,1,2,0,733,0
11,5,3,57,477,251
10,1,-1,0,2304,0
9,8,-1,0,1659,0
7,6,1,0,2236,0
13,9,2,184,2169,442
8,8,2,0,997,0
6,1,2,0,552,0
6,2,2,48,531,113
6,8,2,0,599,0
9,9,3,0,514,0
12,4,3,104,677,624
4,3,2,0,227,0
8,3,3,50,373,126
16,6,4,136,43,282
13,1,4,38,392,37
14,1,3,71,785,138
8,10,2,0,3728,0
19,9,2,451,121,863
7,6,2,0,969,0
8,7,4,0,214,0
18,7,4,26,0,276
4,10,1,0,1606,0
6,6,0,0,1425,0
15,5,2,838,208,1579
10,8,-1,179,1761,0
4,10,-1,0,1206,0
14,9,0,723,6280,2142
4,3,0,0,455,0
16,7,-2,163,809,1209
11,2,-2,80,327,532
20,9,-3,124,0,1536
20,4,-3,0,0,1453
11,8,-2,85,821,82
11,4,-1,152,1119,846
5,3,0,57,877,0
21,7,-3,0,0,771
19,5,-4,0,0,294
14,8,-4,35,242,149
7,10,-3,0,976,0
7,6,-3,0,187,0
16,2,-3,0,0,778
7,8,-3,0,216,0
13,7,-3,72,657,409
12,2,-3,312,65,637
7,9,-2,0,485,0
16,4,-3,0,0,785
15,5,-3,218,53,567
9,2,-2,44,362,272
6,5,-1,0,728,0
8,5,-4,6,58,3
5,9,-3,0,94,0
13,1,-3,92,1033,80
13,5,-3,56,403,431
19,9,-3,237,60,489
4,10,-2,0,533,0
8,8,-1,0,1387,0
18,8,-2,574,146,1254
7,7,-1,0,1068,0
13,2,-1,322,0,4251
16,4,-2,0,0,1862
16,6,-2,510,139,1137
14,4,-2,610,160,1277
15,1,-3,100,720,270
7,4,-3,12,155,15
14,9,-4,49,313,113
21,4,-4,0,0,291
6,7,0,0,1630,0
21,3,-2,0,0,1511
16,1,-3,103,615,321
7,3,2,66,746,142
17,6,2,159,0,1890
8,8,3,0,480,0
7,10,4,0,601,0
4,8,0,0,589,0
6,6,-1,0,722,0
19,6,-1,0,0,3557
5,3,-1,37,435,0
8,7,-1,0,1354,0
17,8,-2,171,755,1133
5,8,-2,0,240,0
7,7,-3,0,201,0
13,2,-3,58,0,804
6,7,-1,0,781,0
19,2,-2,0,0,1708
12,4,-3,68,425,449
6,4,0,117,1200,0
18,8,-3,262,62,572
16,5,-3,42,0,671
10,8,-3,45,370,0
19,6,-3,0,0,690
16,9,-4,32,186,188
12,10,-5,78,730,0
8,2,-4,8,58,31
17,10,-4,138,987,774
19,8,-3,67,0,781
19,2,-4,0,0,296
12,4,-4,24,167,204
10,3,-3,20,166,148
11,6,-3,36,283,101
17,5,-3,0,0,794
9,1,-2,0,927,0
21,9,0,0,0,4474
11,5,-2,104,576,319
8,9,-2,0,597,0
12,3,-2,173,817,1240
15,4,-2,143,0,1759
18,2,-4,0,0,313
16,6,-1,1095,291,2466
10,1,0,0,4193,0
18,5,3,0,0,797
15,5,5,64,21,114
12,3,5,16,96,108
6,3,7,1,5,0
14,4,7,8,2,16
10,3,7,0,10,3
9,3,8,0,3,1
15,6,8,0,3,1
5,3,2,28,449,0
17,4,3,0,0,854
20,4,3,0,0,1104
8,2,4,17,152,69
12,4,4,49,322,256
9,9,5,0,61,0
17,1,4,15,158,108
9,10,5,0,322,0
15,3,6,0,0,57
13,10,6,17,188,7
16,1,2,134,1166,563
11,6,2,114,1225,353
14,4,3,360,102,731
13,5,4,50,335,243
19,9,4,74,31,141
20,10,4,426,104,777
12,8,4,36,443,72
21,10,4,48,0,565
10,3,5,5,56,33
18,8,4,106,23,186
11,10,4,0,1038,0
16,1,3,63,472,240
18,2,4,0,0,366
14,7,2,205,1420,959
11,2,1,298,1479,2051
4,7,1,0,397,0
9,4,2,100,978,287
16,6,3,320,91,610
7,10,3,0,1259,0
17,8,3,63,330,399
13,9,3,80,917,168
11,6,3,44,560,163
6,9,3,0,272,0
10,3,2,107,886,585
13,9,-3,92,782,156
16,8,-3,56,356,448
18,6,-3,0,0,797
9,10,-4,0,705,0
4,4,0,0,427,0
11,2,3,59,327,389
6,6,2,0,748,0
4,10,2,0,687,0
19,6,2,0,0,1626
20,2,-2,0,0,3315
8,2,-1,103,701,370
10,9,-2,0,930,0
17,2,0,0,0,7291
8,9,3,0,420,0
20,5,4,0,0,436
9,6,-2,47,565,51
11,7,1,252,2484,503
7,2,3,30,333,89
15,8,3,75,553,332
19,9,3,197,56,389
5,3,4,7,101,0
15,4,3,92,0,1042
13,3,3,436,122,772
4,2,0,30,407,0
20,8,-3,0,0,1594
13,3,-3,255,50,585
15,9,-4,38,260,137
18,10,-5,48,280,354
11,1,-5,0,88,0
12,2,-5,33,9,92
20,2,-5,0,0,226
10,3,-4,12,62,57
10,4,3,44,423,202
21,9,3,0,0,441
18,3,3,0,0,795
12,3,4,50,262,336
10,6,4,14,231,46
18,6,2,0,0,1877
6,5,1,0,1653,0
5,9,-1,0,508,0
17,9,-1,353,2038,2192
9,7,-2,63,707,0
5,8,0,0,1128,0
9,8,3,0,555,0
15,2,4,0,0,501
11,6,5,8,94,26
19,8,4,20,0,259
4,10,5,0,53,0
9,3,7,2,3,5
20,10,6,49,16,83
8,10,6,0,101,0
19,7,5,0,0,117
20,7,5,0,0,138
7,2,-1,79,670,227
5,1,-2,0,275,0
8,3,1,192,1842,659
18,10,-4,110,744,955
9,6,-3,23,232,25
14,6,-3,86,399,423
10,5,-2,69,547,183
20,8,-4,0,0,717
16,10,-4,164,1113,606
6,10,-4,0,292,0
12,6,-3,86,556,311
19,3,3,0,0,715
12,5,4,46,333,216
8,9,4,0,213,0
17,8,4,20,158,167
20,5,5,0,0,187
13,3,5,77,22,133
15,5,4,181,42,306
4,6,0,0,452,0
10,3,4,19,167,121
21,1,-2,530,0,1349
19,9,-2,548,110,1210
17,7,-3,257,61,556
11,7,-3,36,337,81
14,2,-4,0,0,364
13,1,-4,50,449,44
4,9,1,0,396,0
15,1,2,134,1501,419
17,3,2,0,0,2087
7,9,-1,0,1081,0
5,7,-1,0,490,0
6,1,0,0,1753,0
7,2,0,137,1279,396
11,2,2,146,689,943
14,5,3,95,517,686
8,6,2,89,1068,0
17,5,2,0,0,2006
21,7,1,0,0,2171
11,4,3,54,467,326
20,8,2,0,0,2269
17,9,3,68,374,317
12,6,5,21,154,54
21,2,4,0,0,203
19,8,3,47,0,553
18,2,3,0,0,796
21,4,3,0,0,486
21,3,3,0,0,531
17,7,2,578,150,1011
11,5,-1,159,1255,658
15,6,-3,67,301,501
16,4,-4,0,0,367
10,1,-3,0,452,0
15,6,-4,35,126,222
4,5,2,0,208,0
10,9,3,0,591,0
9,10,4,0,793,0
20,6,-4,0,0,635
20,4,-5,0,0,234
17,9,-6,1,19,20
7,10,-5,0,132,0
19,1,-6,6,18,34
12,1,-6,3,59,0
5,8,-6,0,6,0
7,1,-1,0,1275,0
8,1,-3,0,331,0
14,2,-3,0,0,866
10,10,-3,0,1857,0
19,3,-3,0,0,707
14,9,-3,70,710,277
6,8,0,0,1635,0
4,5,3,0,119,0
8,5,-1,81,975,84
9,5,-2,55,497,113
6,8,3,0,276,0
11,6,-2,65,599,209
8,4,1,212,2193,423
6,5,3,0,322,0
20,1,-4,61,243,557
16,10,-5,50,391,242
6,7,1,0,1343,0
21,2,2,0,0,1134
6,2,0,100,1051,190
5,1,1,0,790,0
4,1,0,0,562,0
6,9,1,0,1337,0
8,5,2,95,1050,87
17,5,3,0,0,877
11,5,5,4,79,30
8,4,-1,95,872,185
5,10,-2,0,1147,0
21,8,1,0,0,2132
17,1,2,92,858,536
12,8,2,189,2144,420
11,2,4,23,153,196
17,5,4,0,0,384
10,10,-4,0,785,0
15,2,-3,0,0,875
9,9,-2,0,762,0
11,8,2,113,1313,103
6,8,1,0,1407,0
8,9,1,0,2240,0
16,1,-4,42,277,134
5,10,4,0,265,0
17,4,4,0,0,393
18,6,3,0,0,780
15,7,4,37,202,192
15,9,-2,156,1354,745
5,4,-1,0,523,0
20,6,-3,0,0,1389
19,4,-3,0,0,703
17,2,2,0,0,2109
8,10,4,0,702,0
20,2,4,0,0,453
19,9,5,36,11,55
16,4,5,0,0,173
19,8,6,3,0,23
12,8,6,6,48,5
8,10,7,0,37,0
15,9,5,9,92,49
12,9,5,10,145,14
8,5,4,16,208,16
16,9,3,85,513,328
14,9,3,82,766,256
8,1,4,0,187,0
8,10,-3,0,1176,0
12,5,-4,29,200,166
15,1,-4,48,335,119
12,2,-4,96,20,238
13,7,-4,41,274,139
5,6,-2,0,234,0
12,2,-2,650,164,1287
12,5,3,121,723,493
7,4,4,20,164,10
20,1,4,22,115,205
7,9,4,0,162,0
13,2,4,45,0,558
16,1,4,18,183,103
18,1,3,41,269,265
5,10,3,0,698,0
13,1,3,61,863,93
13,9,4,34,407,73
19,1,4,15,86,125
21,8,3,0,0,449
4,3,1,0,529,0
21,6,4,0,0,207
7,3,3,39,327,62
10,7,4,13,227,27
21,2,-4,0,0,298
20,1,-5,30,87,187
13,2,-5,7,0,140
14,1,-5,21,149,30
20,7,-5,0,0,274
10,2,3,57,338,293
21,6,3,0,0,484
8,9,2,0,1040,0
15,9,3,66,639,286
6,7,5,0,48,0
5,4,1,0,1127,0
19,1,3,43,225,284
21,9,-3,0,0,731
13,6,-3,72,461,381
8,6,-2,37,489,0
4,7,2,0,211,0
17,7,3,234,63,445
20,6,4,0,0,494
5,4,0,0,974,0
18,4,-3,0,0,806
16,6,-3,231,60,541
12,5,-3,66,480,344
11,5,-3,41,249,138
11,7,3,58,514,70
6,9,2,0,641,0
5,1,2,0,356,0
11,3,-2,64,432,489
9,2,4,23,151,76
17,9,-3,77,386,466
6,9,-1,0,836,0
11,9,-2,77,1032,0
21,9,-4,0,0,316
21,9,-5,0,0,99
11,3,-5,3,22,24
7,4,-4,7,63,6
8,7,-3,0,266,0
7,1,3,0,317,0
9,1,3,0,455,0
11,7,2,103,1139,235
7,6,3,0,445,0
17,3,3,0,0,878
10,7,3,46,487,31
20,8,4,0,0,412
13,6,4,44,353,186
17,9,4,20,154,140
7,7,4,0,163,0
14,4,4,185,43,301
16,2,3,0,0,1072
20,8,3,0,0,976
19,8,2,114,0,1292
20,9,3,86,0,892
11,3,4,24,177,127
5,9,1,0,878,0
10,3,-2,57,432,306
7,10,-2,0,2289,0
10,6,3,41,558,102
21,5,3,0,0,501
18,8,3,207,69,404
9,3,3,37,381,187
9,5,4,21,199,35
5,6,0,0,985,0
6,10,3,0,958,0
8,1,3,0,400,0
20,6,3,0,0,1106
17,6,4,31,0,354
10,2,4,21,166,138
10,2,2,143,710,645
13,9,5,13,140,33
20,7,3,0,0,961
10,2,-3,22,117,163
21,10,-4,115,0,1434
19,9,-4,109,29,230
10,5,-1,149,1274,401
4,5,1,0,532,0
13,6,3,95,775,452
7,6,4,0,183,0
5,1,4,0,70,0
4,6,1,0,540,0
21,3,-6,0,0,33
15,8,-5,12,94,80
18,10,-6,13,82,118
12,4,-6,2,22,21
21,7,-6,0,0,46
16,10,-7,3,47,21
13,4,-8,0,1,1
7,4,-1,67,749,66
10,4,4,26,205,97
19,10,4,67,371,411
19,2,-3,0,0,728
4,10,-3,0,254,0
20,5,-6,0,0,85
5,4,3,0,217,0
17,2,4,0,0,365
15,4,5,19,0,158
18,3,6,0,0,46
12,3,7,1,11,15
19,5,7,0,0,13
21,10,7,2,0,12
15,3,8,0,0,4
14,9,8,1,4,1
14,1,8,0,7,0
5,9,2,0,387,0
10,2,-1,128,796,840
7,1,-4,0,119,0
8,8,-3,0,271,0
13,2,3,106,0,1273
5,6,1,0,1113,0
9,3,-3,24,152,84
21,1,-3,241,0,561
19,1,-4,34,145,205
14,6,-5,3,46,57
14,4,-4,108,30,245
12,8,-4,39,334,75
12,6,-4,41,225,120
7,10,-4,0,416,0
21,7,-4,0,0,338
6,7,-2,0,367,0
5,7,-2,0,251,0
10,9,4,0,276,0
7,3,5,3,57,19
18,4,5,0,0,131
19,6,3,0,0,729
8,6,3,40,485,0
19,1,2,99,442,642
11,1,-2,0,1294,0
18,5,-4,0,0,343
13,3,-4,108,27,273
10,7,-4,16,135,11
9,7,-1,141,1572,0
7,8,3,0,398,0
13,7,4,46,353,133
19,2,4,0,0,291
14,2,4,0,0,577
6,10,4,0,432,0
5,6,5,0,34,0
21,1,4,47,0,97
20,2,5,0,0,182
9,5,5,7,93,8
8,4,2,93,950,172
5,8,-1,0,545,0
10,7,-3,32,310,28
17,8,-4,32,143,225
9,8,-3,0,343,0
12,1,-4,39,490,0
10,4,-4,16,73,59
8,2,-3,24,123,82
13,10,-6,21,243,21
7,10,-6,0,47,0
20,2,-3,0,0,1387
12,3,-3,62,292,521
8,3,-1,98,800,310
9,4,4,13,199,55
18,3,4,0,0,361
15,9,4,33,267,138
18,9,4,20,131,156
14,8,4,32,326,128
20,3,-5,0,0,205
8,10,-4,0,537,0
6,2,3,17,225,55
8,3,4,14,175,50
10,8,5,7,83,0
12,7,4,36,343,116
4,7,-1,0,257,0
8,7,3,0,468,0
14,3,4,46,0,511
17,6,5,15,0,129
6,3,3,25,290,23
9,3,5,6,66,35
20,3,-4,0,0,619
4,1,-2,0,136,0
9,6,-1,108,1253,116
6,4,2,59,662,0
19,4,3,0,0,756
6,4,1,140,1530,0
16,7,-4,31,144,216
12,6,-5,11,74,41
6,8,-6,0,13,0
12,5,-6,3,25,22
14,3,-6,0,0,42
18,10,-7,2,28,41
9,1,-6,0,17,0
10,4,-2,56,463,261
5,5,3,0,218,0
6,2,4,13,118,22
15,10,4,90,1039,329
4,5,5,0,12,0
17,5,5,0,0,135
19,5,6,0,0,37
17,8,5,7,43,51
21,6,5,0,0,83
15,8,5,11,78,49
19,4,4,0,0,334
15,3,5,0,0,173
17,3,6,0,0,30
16,7,5,10,76,79
17,9,5,12,57,53
4,9,0,0,528,0
17,2,-4,0,0,350
19,7,-4,0,0,374
13,8,-5,19,93,57
19,3,-4,0,0,307
17,9,-5,8,53,68
21,9,-6,0,0,42
12,9,-6,3,36,6
10,6,-5,5,36,6
21,10,-7,3,0,68
7,3,-5,1,23,4
16,5,4,22,0,381
5,6,6,0,18,0
12,10,6,14,233,0
4,4,-1,0,225,0
17,2,3,0,0,936
8,8,-2,0,639,0
11,10,-5,0,351,0
19,7,-3,0,0,851
6,1,-3,0,175,0
17,1,-3,79,541,434
14,7,-5,13,83,61
16,9,-7,2,3,11
15,2,-6,0,0,47
8,6,-3,14,209,0
9,1,-3,0,391,0
13,5,-4,34,155,198
8,3,-2,39,354,139
7,5,-2,37,368,0
5,2,2,32,394,26
9,5,-3,16,195,45
12,7,-4,37,309,114
5,6,2,0,485,0
14,2,5,0,0,208
15,2,6,0,0,53
4,10,3,0,285,0
14,6,-4,30,161,198
16,9,-3,83,477,355
14,4,-3,271,80,528
17,3,-2,0,0,1808
8,3,2,85,850,290
6,2,-2,19,294,52
18,7,-4,28,0,325
8,2,2,107,772,332
6,4,3,16,298,0
11,6,4,21,229,73
21,8,4,0,0,201
21,3,-3,0,0,662
8,4,-3,17,163,34
4,5,-2,0,112,0
15,9,-5,13,85,55
19,10,-5,47,207,351
11,7,-5,3,51,16
18,7,-5,8,0,128
16,6,-5,38,6,75
16,9,-5,15,78,62
21,10,-6,10,0,176
5,7,-3,0,104,0
9,6,4,18,241,17
21,1,3,108,0,221
5,3,-3,9,86,0
5,10,-4,0,226,0
7,2,4,14,144,41
12,9,4,39,428,31
9,7,5,6,82,0
9,1,4,0,206,0
20,3,4,0,0,456
4,8,1,0,409,0
9,6,5,6,105,5
15,3,4,0,0,550
6,7,-3,0,142,0
13,2,-4,27,0,353
8,7,2,0,1058,0
16,4,-5,0,0,130
18,5,-3,0,0,779
11,2,-5,5,12,27
19,4,-4,0,0,336
20,4,-4,0,0,593
16,3,4,0,0,449
5,10,-3,0,460,0
21,7,-5,0,0,125
15,4,-6,2,0,31
8,3,-5,1,21,7
10,10,-6,0,92,0
14,8,-3,98,578,337
7,9,3,0,396,0
7,3,4,16,149,24
10,5,3,49,511,139
6,3,0,91,1159,86
6,5,2,0,725,0
13,4,-3,67,322,528
4,8,-1,0,281,0
5,7,2,0,443,0
5,8,2,0,451,0
19,7,4,0,0,282
5,8,4,0,69,0
13,2,5,26,0,203
12,5,6,3,48,24
11,10,5,0,387,0
18,5,4,0,0,321
6,9,4,0,118,0
7,9,-3,0,196,0
9,9,4,0,266,0
18,3,-4,0,0,344
12,3,-4,34,128,223
21,10,-5,41,0,583
4,3,-2,0,129,0
13,10,-5,54,638,72
5,6,-4,0,55,0
8,6,-4,7,87,0
19,10,-6,14,75,134
15,3,-6,0,0,37
13,1,-6,2,56,3
16,10,-6,19,153,80
5,1,3,0,151,0
21,5,4,0,0,234
6,10,5,0,156,0
6,4,-2,14,278,0
17,4,-5,0,0,133
13,9,-4,41,330,92
5,9,-5,0,19,0
8,4,-4,7,76,12
4,5,0,0,456,0
11,3,3,57,422,360
5,5,-2,0,229,0
9,9,2,0,1282,0
10,1,-4,0,227,0
21,6,-4,0,0,265
10,5,-4,5,115,40
20,3,5,0,0,151
8,4,4,11,159,31
19,4,5,0,0,109
21,4,-3,0,0,643
10,2,-2,60,332,406
18,4,4,0,0,341
12,1,4,46,399,0
4,1,1,0,405,0
21,4,4,0,0,218
16,2,4,0,0,453
8,4,5,6,79,12
8,8,5,0,83,0
15,3,3,0,0,1123
11,7,5,6,80,17
18,7,5,8,0,108
14,3,6,13,0,59
11,3,7,1,10,2
17,10,6,11,79,43
9,10,7,0,39,0
10,2,-4,7,52,77
16,3,-3,0,0,797
8,5,-3,20,183,13
17,7,-5,29,20,94
16,6,-4,113,30,213
8,8,-4,0,118,0
21,8,-4,0,0,287
4,8,3,0,94,0
8,1,-2,0,696,0
12,5,5,17,131,70
8,7,5,0,71,0
9,8,5,0,85,0
20,8,5,0,0,136
14,10,6,11,173,22
13,3,6,25,6,48
17,5,6,0,0,53
13,1,6,4,38,4
20,6,6,0,0,56
18,9,6,2,12,15
6,7,6,0,23,0
18,9,5,5,37,54
14,1,5,10,115,20
15,2,5,0,0,199
4,7,-3,0,44,0
17,1,3,41,428,235
6,1,4,0,95,0
10,1,4,0,241,0
16,2,5,0,0,161
12,3,6,6,43,47
14,3,5,18,0,204
18,5,5,0,0,136
11,5,-4,11,104,64
19,6,-4,0,0,318
20,9,-4,52,0,702
19,10,-7,7,21,43
12,10,-7,2,68,0
19,8,-7,0,0,9
12,8,-6,6,50,8
8,2,3,43,341,163
6,9,-4,0,53,0
16,8,-4,28,199,184
16,2,-4,0,0,329
16,2,-5,0,0,102
10,5,-3,24,239,75
7,5,-3,16,168,0
7,2,-2,30,308,110
17,1,5,6,66,44
10,3,6,2,24,14
19,10,6,11,45,47
18,6,5,0,0,103
5,3,6,2,9,0
18,8,7,5,0,6
8,10,8,0,11,0
19,8,8,1,0,4
20,2,-4,0,0,622
14,6,5,21,102,90
10,6,6,3,32,8
20,3,6,0,0,70
15,9,6,2,40,9
15,4,8,2,0,12
20,9,-5,15,0,250
11,9,5,5,96,0
10,2,5,5,56,44
19,3,6,0,0,36
19,8,-4,25,0,336
11,7,-4,15,141,34
19,3,-6,0,0,38
15,10,-6,20,155,54
18,2,-7,0,0,10
16,5,-7,1,0,12
17,10,-8,1,12,11
14,7,-4,29,222,171
5,4,4,0,94,0
4,9,2,0,205,0
14,1,4,19,300,69
5,2,-4,4,36,3
8,1,-4,0,116,0
15,4,-4,20,0,329
17,5,-5,0,0,118
11,3,-4,10,47,94
17,10,-6,15,135,95
12,7,-5,14,108,34
20,6,-5,0,0,224
17,8,-5,23,48,87
18,6,-5,0,0,126
15,2,-5,0,0,135
16,3,-5,0,0,135
6,5,4,0,154,0
5,7,4,0,74,0
6,3,2,50,603,58
16,9,4,32,218,135
6,10,-3,0,703,0
4,2,-1,15,193,0
16,8,4,18,188,151
8,8,4,0,214,0
5,10,5,0,93,0
4,4,3,0,102,0
7,5,-4,5,69,0
4,4,1,0,504,0
18,10,5,21,160,141
9,9,6,0,31,0
16,6,6,15,3,32
10,10,6,0,100,0
21,4,-5,0,0,93
21,5,-5,0,0,102
8,10,-5,0,186,0
15,6,-5,13,28,91
18,4,-5,0,0,132
16,7,-5,8,56,82
9,6,-5,5,26,6
11,9,-4,21,220,0
14,2,-5,0,0,120
14,9,-5,10,106,46
13,5,-5,8,58,66
9,8,-4,0,137,0
5,2,-2,13,179,14
11,8,5,4,90,6
10,9,5,0,94,0
7,10,5,0,215,0
20,4,5,0,0,147
4,8,6,0,5,0
16,5,6,5,0,61
19,5,5,0,0,100
18,2,5,0,0,133
18,8,-4,111,38,228
19,1,-5,12,48,74
7,3,-2,39,299,61
6,8,-4,0,71,0
12,8,-5,9,113,20
10,1,-5,0,74,0
10,10,-5,0,268,0
16,3,-4,0,0,355
19,4,-5,0,0,107
17,9,-4,31,168,214
12,4,-5,13,55,67
7,1,-5,0,36,0
6,6,5,0,54,0
5,6,3,0,228,0
18,1,4,20,134,107
7,9,5,0,61,0
19,2,6,0,0,53
9,2,5,3,56,34
14,7,5,15,96,68
21,9,5,0,0,71
14,5,4,46,226,296
4,6,-3,0,46,0
16,8,-5,8,60,67
17,6,-5,14,0,129
6,9,-3,0,170,0
20,5,-5,0,0,208
8,4,-5,3,23,4
4,6,3,0,107,0
6,8,-3,0,168,0
13,1,-5,10,156,13
9,9,-5,0,47,0
18,1,-6,4,18,27
14,1,-6,3,43,4
12,1,-7,2,22,0
10,8,4,18,256,0
18,3,-5,0,0,104
6,2,-3,10,111,23
17,1,-5,12,90,80
21,7,3,0,0,446
12,7,5,13,146,38
4,5,-1,0,218,0
6,4,-3,9,113,0
18,8,-5,51,10,78
7,3,-4,7,50,19
6,6,-4,0,72,0
6,5,-2,0,314,0
15,7,5,14,86,77
13,5,6,7,40,27
16,9,6,4,27,19
16,7,4,38,184,219
11,10,-6,0,114,0
9,10,-6,0,90,0
15,5,-6,11,3,31
16,7,-6,2,23,35
17,6,-7,1,0,10
17,7,-7,8,0,13
21,6,-5,0,0,114
7,6,-4,0,79,0
6,2,5,4,45,8
5,2,3,8,175,9
9,2,3,50,353,178
4,7,4,0,41,0
4,7,-2,0,126,0
8,6,5,4,92,0
14,6,6,4,35,29
6,10,6,0,58,0
15,4,-5,10,0,130
6,1,6,0,16,0
16,10,6,13,101,39
15,4,6,4,0,51
13,6,7,0,19,5
6,5,8,0,5,0
14,3,8,0,0,5
20,1,7,2,7,4
6,10,8,0,7,0
18,3,8,0,0,4
15,1,9,0,2,0
5,7,3,0,173,0
11,4,5,14,84,44
4,5,-3,0,38,0
17,3,4,0,0,401
6,3,-4,9,65,6
10,4,-3,30,194,110
20,6,5,0,0,167
16,3,5,0,0,176
17,3,5,0,0,148
16,5,5,16,0,129
6,6,3,0,326,0
4,4,-3,0,38,0
8,7,-4,0,120,0
18,5,-6,0,0,42
10,6,-3,28,271,53
9,6,-4,8,120,12
10,3,-5,6,17,21
7,2,-4,5,46,22
4,8,2,0,210,0
10,4,6,5,26,14
18,7,6,5,0,30
14,9,6,4,41,26
19,1,6,1,17,12
9,5,7,0,10,0
19,4,7,0,0,14
14,5,8,3,2,4
18,3,5,0,0,137
13,6,-4,27,197,155
6,6,-3,0,146,0
18,6,-4,0,0,356
19,1,-7,1,4,10
13,9,-7,1,15,3
20,10,-8,6,2,23
12,7,-8,1,2,1
19,3,-8,0,0,2
4,9,-4,0,16,0
19,3,-5,0,0,118
7,5,4,18,172,0
5,5,5,0,39,0
14,8,5,8,105,51
4,1,-3,0,58,0
20,9,5,9,0,112
4,1,6,0,13,0
17,7,5,50,9,64
10,5,6,5,35,14
13,4,-5,6,51,71
6,6,4,0,134,0
4,3,-3,0,42,0
21,1,-5,38,0,100
10,5,-5,5,30,10
17,2,-5,0,0,116
18,2,-5,0,0,126
19,7,-5,0,0,108
10,9,-5,0,62,0
18,7,-6,2,0,48
10,8,-6,1,21,0
16,8,-6,3,21,24
20,1,-6,13,44,75
20,10,-7,48,12,86
16,2,-7,0,0,9
6,10,-6,0,28,0
4,9,-1,0,284,0
5,6,-3,0,126,0
4,4,2,0,245,0
10,8,-4,14,155,0
17,6,-4,26,0,299
9,8,-5,0,47,0
9,10,-5,0,246,0
6,1,3,0,263,0
21,5,-4,0,0,274
15,5,-4,97,26,225
13,3,-5,45,7,97
14,8,-6,9,26,17
14,3,-5,9,0,105
12,2,6,19,6,45
13,6,6,6,52,23
13,9,6,2,55,8
13,5,7,1,13,7
15,10,-7,7,48,17
7,7,3,0,373,0
8,9,-3,0,240,0
11,3,6,3,22,16
21,2,6,0,0,22
8,9,6,0,17,0
20,1,6,6,10,20
9,4,5,9,72,16
8,5,6,4,19,3
16,2,-6,0,0,39
20,1,-7,0,9,20
19,4,-7,0,0,14
7,3,-6,2,9,2
7,6,-5,0,23,0
5,8,3,0,192,0
5,2,4,6,81,1
10,9,-4,0,155,0
21,2,-5,0,0,99
14,8,-5,7,83,46
20,3,-6,0,0,72
21,5,-6,0,0,38
13,7,-5,14,94,56
15,5,-5,25,9,91
18,5,-5,0,0,120
6,3,4,13,111,10
21,3,4,0,0,210
7,9,-4,0,77,0
6,4,4,15,124,0
19,2,5,0,0,107
20,5,6,0,0,53
17,1,6,2,21,14
19,2,-5,0,0,99
11,1,4,0,242,0
7,1,5,0,50,0
10,5,5,2,79,24
12,1,6,10,58,0
21,10,6,5,0,61
15,5,6,20,8,35
7,3,-3,16,114,26
10,6,-4,11,102,22
20,6,-7,0,0,25
15,6,5,10,94,92
21,7,4,0,0,171
21,2,5,0,0,80
16,2,6,0,0,60
4,1,-1,0,306,0
6,10,-5,0,91,0
21,8,-5,0,0,131
12,1,-5,10,157,0
7,2,-3,12,115,51
18,4,-7,0,0,11
5,7,-6,0,8,0
13,8,5,11,132,41
16,5,-5,4,0,91
4,3,-1,0,225,0
4,1,2,0,156,0
21,8,-7,0,0,13
9,9,-6,0,15,0
12,5,-7,0,4,4
19,6,-5,0,0,112
13,7,5,14,148,45
9,3,-5,8,20,17
7,8,-4,0,100,0
16,1,-7,4,5,4
18,6,-7,0,0,13
14,5,-5,8,32,67
11,4,-3,40,213,164
9,9,-4,0,128,0
7,5,5,6,79,0
13,4,6,6,44,51
10,1,5,0,76,0
10,8,6,1,42,0
9,6,7,1,9,1
13,10,7,4,49,4
17,8,7,0,4,7
15,7,-6,2,14,31
12,6,-7,2,4,5
9,10,-7,0,26,0
19,4,-6,0,0,34
17,7,6,16,2,31
13,8,6,3,39,11
14,1,6,4,36,8
7,7,-4,0,71,0
9,2,-4,12,56,46
9,3,-4,11,58,37
18,9,-5,6,55,84
19,2,-6,0,0,44
20,7,-7,0,0,32
15,1,-7,0,15,4
16,3,-7,0,0,12
8,9,-6,0,12,0
17,6,-6,2,0,48
16,5,-6,0,0,35
12,4,5,28,96,96
7,8,5,0,64,0
11,1,5,0,104,0
17,2,6,0,0,50
12,9,6,7,60,5
19,7,8,0,0,5
11,8,-4,16,176,21
4,6,-2,0,101,0
4,9,-3,0,54,0
5,4,-2,0,212,0
20,4,6,0,0,57
19,6,6,0,0,27
4,2,-3,3,31,0
4,4,-4,0,13,0
20,7,-6,0,0,82
7,1,4,0,125,0
14,9,4,29,346,81
6,3,-3,11,107,11
11,1,-4,0,222,0
20,4,-6,0,0,80
5,3,-2,10,185,0
5,9,3,0,199,0
8,9,5,0,71,0
5,8,5,0,28,0
7,7,6,0,16,0
7,8,-6,0,11,0
15,8,-6,7,13,23
7,6,-2,0,427,0
14,7,-6,5,31,22
5,2,-3,7,81,5
19,8,-5,6,0,116
14,2,6,0,0,75
15,1,6,2,23,6
18,2,-6,0,0,57
21,4,5,0,0,76
6,3,5,8,48,3
9,4,-4,11,87,24
18,1,6,1,16,14
20,2,6,0,0,46
9,1,6,0,30,0
20,1,5,12,49,75
11,2,6,3,27,19
8,9,-4,0,115,0
5,1,-3,0,120,0
5,8,-4,0,34,0
21,9,4,0,0,157
17,4,5,0,0,158
11,1,6,0,26,0
6,9,8,0,2,0
14,9,5,13,126,35
14,4,6,20,5,42
19,4,6,0,0,39
14,4,-6,12,3,32
17,3,-5,0,0,114
12,10,-6,32,238,0
4,7,3,0,87,0
13,4,5,19,84,99
4,8,-2,0,116,0
16,6,5,53,11,94
5,7,-4,0,44,0
21,4,-6,0,0,38
8,7,-5,0,27,0
7,9,-5,0,29,0
8,9,-5,0,40,0
14,5,5,13,81,107
5,9,7,0,5,0
21,3,6,0,0,27
9,3,6,5,29,7
12,6,7,0,16,9
17,10,7,5,23,9
20,4,7,0,0,21
11,2,-4,13,62,89
8,2,5,10,67,30
15,3,-5,0,0,104
5,9,-4,0,43,0
13,6,-6,3,14,11
18,7,-7,0,0,9
10,10,-7,0,33,0
14,10,-7,9,52,12
15,10,-8,6,22,9
12,8,-8,0,3,1
19,1,-9,0,1,2
7,2,-9,0,0,1
17,5,-9,0,0,1
13,3,-9,0,0,1
4,5,4,0,56,0
5,1,-5,0,21,0
4,10,-4,0,99,0
5,4,-3,0,97,0
20,2,-6,0,0,75
19,3,5,0,0,115
9,5,-5,2,30,10
4,1,4,0,46,0
5,5,-4,0,35,0
15,1,-5,11,104,42
6,1,-4,0,56,0
7,6,5,0,66,0
9,4,7,0,8,4
4,2,4,2,29,0
10,7,5,7,97,11
7,2,6,0,17,3
11,10,7,0,32,0
20,2,7,0,0,19
19,9,6,11,4,15
12,5,-5,14,80,61
9,4,-5,4,18,12
15,6,6,9,31,33
4,4,4,0,51,0
9,10,6,0,111,0
18,1,5,6,39,30
6,8,4,0,117,0
17,10,-7,2,36,35
18,3,-6,0,0,55
10,9,-6,0,31,0
4,6,-1,0,205,0
9,5,-4,8,96,21
6,7,3,0,274,0
11,9,6,2,41,0
12,6,6,6,58,27
4,10,7,0,7,0
21,4,7,0,0,4
14,7,7,2,18,6
13,1,7,3,14,0
18,9,-6,1,21,26
11,3,5,13,63,57
6,8,6,0,11,0
13,4,7,4,16,18
16,7,7,1,14,7
11,1,7,0,14,0
20,6,8,0,0,12
4,8,4,0,48,0
7,2,5,6,39,14
16,1,-5,24,85,49
18,6,-6,0,0,60
6,8,-5,0,27,0
4,6,-5,0,9,0
11,9,-5,5,51,0
6,3,-5,3,13,1
6,5,5,0,57,0
19,3,-7,0,0,12
14,9,-7,2,10,5
14,8,-7,1,7,3
15,5,-7,4,2,7
7,1,-6,0,16,0
17,3,-6,0,0,39
6,7,-4,0,62,0
14,5,6,9,41,29
15,3,7,0,0,25
4,9,3,0,90,0
5,1,-6,0,8,0
18,8,-6,12,4,28
13,10,-7,8,64,3
12,4,6,4,55,35
9,7,6,3,31,0
18,2,7,0,0,16
13,2,6,2,0,81
7,4,5,8,62,6
11,6,-5,5,33,13
19,5,-5,0,0,116
14,9,-6,6,41,7
12,2,-7,2,2,12
11,4,-7,3,3,2
13,2,-7,1,0,11
13,9,-6,6,46,8
11,9,7,0,6,0
16,3,6,0,0,65
17,8,6,3,20,17
21,1,-6,14,0,32
13,4,-6,1,8,37
6,5,-4,0,54,0
8,3,5,7,58,15
18,5,6,0,0,34
12,1,7,1,15,0
11,5,-5,7,25,30
18,4,-6,0,0,45
16,1,6,1,37,8
19,7,6,0,0,40
12,4,7,1,22,11
14,2,8,0,0,9
12,9,8,1,4,0
5,6,4,0,83,0
4,10,4,0,140,0
5,9,4,0,78,0
21,5,5,0,0,61
5,8,6,0,14,0
17,6,7,1,0,14
16,6,7,5,0,4
14,10,7,6,59,9
12,10,8,1,20,0
12,6,9,0,5,2
13,6,9,1,3,0
8,3,6,1,24,11
21,8,6,0,0,20
8,6,8,0,5,0
13,5,9,0,1,1
15,10,9,0,6,0
21,1,8,0,0,1
19,6,8,0,0,2
20,9,8,1,0,1
21,8,7,0,0,13
20,8,7,0,0,13
6,6,6,0,13,0
4,9,-2,0,126,0
17,2,5,0,0,134
12,7,6,2,50,12
9,6,8,2,3,0
20,8,8,0,0,6
9,1,9,0,2,0
13,10,8,1,21,1
19,4,8,0,0,4
20,10,7,21,9,17
16,2,8,0,0,6
12,1,8,1,6,0
11,6,6,2,32,8
6,5,6,0,19,0
4,3,3,0,110,0
10,9,6,0,30,0
18,10,7,3,15,7
18,8,5,26,5,48
7,3,7,0,5,0
12,8,7,1,10,6
10,3,8,0,3,1
9,5,-6,1,14,1
11,1,-6,0,25,0
17,7,-6,19,1,40
13,2,7,1,0,20
12,10,7,3,56,0
18,10,6,6,53,44
17,9,6,4,22,16
6,1,5,0,41,0
16,1,5,5,82,40
21,4,6,0,0,29
10,7,7,1,8,2
10,6,5,3,114,14
8,9,-7,0,4,0
14,8,6,6,34,19
14,7,6,3,38,22
10,1,6,0,27,0
20,9,6,3,0,39
7,3,6,0,22,2
11,8,-6,0,20,2
15,6,-7,1,3,7
21,2,-8,0,0,2
18,1,-9,0,0,1
21,1,-9,0,0,1
9,2,6,1,24,7
20,6,-6,0,0,79
11,9,-6,4,18,0
20,5,-7,0,0,26
15,7,-7,1,5,10
8,1,-7,0,6,0
12,3,-7,0,5,6
4,9,4,0,35,0
20,9,-6,9,0,95
10,2,-7,0,2,1
18,7,-8,0,0,6
20,5,-9,0,0,3
9,8,6,0,28,0
19,1,5,4,21,38
5,9,5,0,35,0
16,8,6,1,38,20
16,6,-6,11,2,23
12,3,-5,11,35,90
10,3,-6,3,8,4
11,4,-5,7,26,25
7,7,-5,0,34,0
8,5,-7,0,3,1
5,6,7,0,7,0
15,6,7,1,11,9
15,6,-6,2,17,24
21,3,5,0,0,72
18,1,7,1,3,2
20,8,-6,0,0,83
13,1,-7,2,19,2
6,2,-6,3,3,0
8,2,-7,1,1,2
15,7,-8,0,1,6
21,4,-7,0,0,11
9,4,-6,2,6,7
8,1,5,0,64,0
7,1,6,0,14,0
17,7,7,2,0,3
15,10,7,7,48,10
21,5,7,0,0,11
18,9,7,0,2,8
13,6,-5,17,72,53
19,8,-6,3,0,45
12,5,-8,1,4,2
13,1,-8,0,6,0
13,10,-8,5,18,1
15,8,-8,2,4,6
18,6,6,0,0,39
13,7,6,6,44,16
8,7,6,0,30,0
21,7,-7,0,0,14
4,2,3,1,86,0
5,10,-6,0,29,0
14,2,-6,0,0,48
6,2,-4,5,41,4
12,3,-6,2,11,27
21,2,-6,0,0,34
15,4,-7,0,0,11
19,9,-7,5,0,10
21,10,-9,0,0,8
18,9,-9,0,0,2
14,8,-9,0,0,1
10,1,-9,0,1,0
11,1,-9,0,3,0
10,7,-6,1,22,1
8,5,5,2,79,11
4,2,-2,7,92,0
13,3,-6,9,3,36
21,10,-8,1,0,19
8,6,-7,0,2,0
11,10,-8,0,13,0
21,6,-9,0,0,4
10,2,-8,0,0,3
15,2,-8,0,0,4
19,6,-6,0,0,34
11,6,-6,2,9,6
7,8,-5,0,31,0
16,9,-6,2,28,17
7,7,5,0,45,0
14,1,7,1,19,2
15,7,7,1,8,4
14,9,7,1,14,0
16,10,7,1,31,15
6,2,8,0,3,0
10,10,8,0,13,0
12,2,9,1,0,2
13,10,9,0,5,0
8,8,6,0,26,0
5,1,5,0,23,0
11,2,8,0,1,1
4,10,-5,0,36,0
11,7,7,0,6,3
17,8,-6,4,13,24
6,6,-5,0,26,0
6,4,5,4,37,0
13,8,-6,5,39,16
12,2,-6,12,3,29
4,8,-6,0,4,0
8,8,-5,0,45,0
16,4,6,0,0,43
6,4,6,3,18,0
18,4,7,0,0,17
17,1,7,0,4,2
14,3,7,3,0,22
8,3,-4,6,59,26
7,1,7,0,3,0
19,5,9,0,0,2
18,8,6,13,4,17
5,5,-3,0,99,0
18,8,-8,4,0,8
17,4,-7,0,0,8
8,6,-5,2,26,0
18,4,6,0,0,51
21,2,7,0,0,8
9,6,6,1,24,3
6,7,-5,0,22,0
21,8,-6,0,0,36
17,5,-6,0,0,33
5,6,-5,0,11,0
21,1,-8,1,0,3
14,5,-8,0,2,4
17,2,-7,0,0,7
17,6,6,1,0,43
16,7,-7,2,1,9
13,2,-6,4,0,49
8,4,6,1,27,2
15,1,-6,4,46,13
19,5,-7,0,0,13
9,8,7,0,6,0
5,7,8,0,6,0
13,9,7,1,10,3
7,2,7,0,7,1
19,9,7,6,1,3
19,10,7,1,18,10
11,5,6,5,24,11
7,10,6,0,76,0
5,9,6,0,13,0
10,8,-5,9,40,0
7,7,-7,0,4,0
10,6,7,0,17,1
12,2,8,3,1,6
11,5,8,1,1,3
13,3,7,7,2,8
18,5,-7,0,0,11
14,7,-7,1,8,10
18,10,-8,0,5,10
14,3,-7,0,0,14
20,1,-8,1,2,2
13,2,-8,0,0,2
7,5,6,0,33,0
10,7,6,0,31,2
21,1,5,15,0,49
16,4,7,0,0,24
16,9,7,0,9,5
6,5,-5,0,24,0
4,8,-3,0,54,0
11,4,6,2,39,19
17,4,7,0,0,17
6,2,6,2,14,3
9,7,-4,6,137,0
9,7,-5,6,50,0
4,6,6,0,6,0
15,8,7,1,10,5
5,4,6,0,11,0
14,7,8,0,3,4
17,2,9,0,0,2
8,10,9,0,2,0
4,6,4,0,38,0
21,7,5,0,0,54
5,5,6,0,10,0
4,6,5,0,20,0
8,1,6,0,22,0
19,5,-6,0,0,35
21,3,-5,0,0,105
6,8,5,0,48,0
12,10,-8,2,26,0
12,1,-8,0,7,0
7,9,7,0,9,0
21,5,-7,0,0,8
5,3,-4,4,27,0
15,3,-7,0,0,10
16,3,-6,0,0,36
4,4,-5,0,8,0
19,9,-6,15,1,26
10,4,-5,2,23,18
14,8,7,0,15,4
15,1,7,0,10,7
6,3,-6,1,4,0
18,3,-7,0,0,17
11,7,6,3,28,4
17,9,7,1,7,7
17,1,8,0,4,1
6,4,-5,1,24,0
14,5,-6,5,10,24
16,1,-6,7,42,17
17,3,-7,0,0,12
8,10,-6,0,73,0
11,8,-5,4,50,6
11,5,-8,1,1,0
17,8,-10,0,0,1
17,9,-7,3,10,5
7,4,6,1,22,2
9,5,6,1,28,4
4,4,5,0,19,0
10,2,6,7,25,19
7,8,7,0,11,0
18,4,8,0,0,4
21,7,6,0,0,16
14,5,7,0,14,9
9,7,-6,3,17,0
16,4,-6,0,0,37
19,7,-7,0,0,10
20,8,-7,0,0,29
16,3,7,0,0,18
5,10,-9,0,1,0
15,4,-9,0,0,2
9,10,-10,0,1,0
13,7,-6,4,33,21
4,4,7,0,2,0
6,4,-6,1,7,0
10,4,-6,1,12,4
10,7,-5,4,37,3
11,4,-6,0,8,6
4,3,4,0,54,0
15,7,6,6,19,25
17,2,7,0,0,21
15,9,8,0,4,2
4,8,-4,0,18,0
16,5,7,1,0,15
10,4,7,1,10,3
19,6,7,0,0,13
11,10,-7,0,35,0
12,9,-7,1,16,3
13,10,-9,1,5,1
9,9,-8,0,2,0
7,8,6,0,26,0
4,3,-4,0,22,0
13,7,-7,2,6,13
8,2,-5,4,12,11
8,1,-5,0,41,0
15,9,-6,5,34,14
11,4,-9,1,0,0
15,8,6,5,26,15
17,1,-7,1,13,4
13,6,-7,0,8,1
5,4,5,0,26,0
10,6,-6,2,14,4
12,4,-7,1,3,9
20,9,-7,2,0,17
11,7,-6,0,13,1
8,6,6,2,19,0
20,8,6,0,0,43
10,2,-6,5,6,3
20,7,-8,0,0,11
16,4,-8,0,0,3
13,9,-8,2,4,2
9,3,-7,1,2,1
17,2,-6,0,0,40
17,8,-7,1,4,11
14,5,-7,0,6,4
16,2,7,0,0,16
13,7,7,2,16,5
17,5,7,0,0,13
11,6,7,3,8,6
21,9,6,0,0,12
4,1,-4,0,18,0
19,7,-8,0,0,5
19,8,-8,0,0,5
16,4,-7,0,0,11
6,2,-7,0,2,0
20,4,-7,0,0,21
11,9,-7,1,7,0
5,5,-5,0,25,0
8,6,-6,0,9,0
18,9,-7,1,5,7
9,6,-6,0,9,1
5,8,-5,0,12,0
4,7,-4,0,32,0
20,3,-7,0,0,18
8,6,7,1,9,0
9,8,8,0,11,0
21,9,-7,0,0,7
12,2,7,15,2,12
9,1,-5,0,58,0
7,1,-7,0,3,0
8,10,-7,0,15,0
19,6,-7,0,0,10
11,2,-7,0,3,5
13,8,-7,1,7,6
19,1,-8,0,2,2
11,8,6,4,35,2
18,1,-7,1,4,9
4,10,6,0,11,0
18,8,-7,3,0,11
12,5,7,3,12,10
12,7,7,2,18,1
7,7,-6,0,7,0
4,6,-4,0,18,0
15,2,7,0,0,16
11,7,8,1,5,0
9,2,9,0,1,0
12,6,8,0,1,2
10,10,9,0,5,0
8,4,-7,0,4,0
9,5,-7,0,4,0
18,2,6,0,0,41
11,4,7,3,14,5
10,10,7,0,42,0
9,4,6,2,32,7
10,2,-5,3,22,29
14,6,-6,3,11,18
18,5,7,0,0,13
16,7,8,0,1,3
15,2,9,0,0,3
20,10,8,3,1,8
19,10,8,4,7,3
10,9,9,0,4,0
5,1,10,0,1,0
12,3,10,0,1,0
13,7,10,0,0,1
5,2,5,0,31,1
8,7,7,0,15,0
5,1,-4,0,53,0
19,3,7,0,0,14
4,9,7,0,1,0
13,3,8,3,0,5
9,2,-5,3,18,17
7,9,-8,0,1,0
20,2,-8,0,0,11
20,7,6,0,0,57
12,6,-6,3,22,12
4,3,-5,0,6,0
8,2,6,5,28,10
19,1,7,0,3,4
4,2,7,0,3,0
13,5,8,3,4,2
14,6,-7,2,9,5
9,4,-7,1,3,1
9,3,-6,0,6,3
12,7,-7,0,8,1
17,1,-9,0,1,0
20,9,-10,0,0,1
12,2,-11,0,0,1
7,4,-5,2,13,1
19,10,-8,1,8,11
15,2,8,0,0,8
8,4,-6,1,6,1
5,3,-6,2,3,0
10,8,-7,0,9,0
4,3,6,0,7,0
4,6,8,0,3,0
20,7,7,0,0,13
21,9,7,0,0,6
17,5,-7,0,0,12
8,7,-7,0,3,0
20,8,-8,0,0,9
11,5,-7,1,5,2
10,6,-7,2,3,0
8,1,-6,0,11,0
8,3,-6,1,8,2
20,5,7,0,0,13
16,1,-9,1,2,1
5,6,-8,0,1,0
7,3,-7,0,2,2
5,4,-5,0,13,0
20,3,7,0,0,19
5,7,5,0,32,0
4,8,-8,0,1,0
21,7,-9,0,0,3
15,1,-9,0,5,0
14,2,7,0,0,16
10,2,7,0,8,6
7,5,-5,0,24,0
5,3,5,2,26,0
4,10,-6,0,16,0
8,7,-6,0,14,0
21,6,-7,0,0,9
7,10,-7,0,17,0
9,10,-9,0,2,0
14,10,-8,2,12,4
13,5,-6,6,17,21
9,2,-7,0,5,2
7,2,-6,2,8,6
7,7,7,0,7,0
8,2,7,1,6,1
10,9,7,0,13,0
16,1,7,0,8,3
4,2,5,1,16,0
19,5,-9,0,0,2
15,5,-8,1,2,1
19,2,-8,0,0,2
8,8,-6,0,12,0
4,2,6,2,8,0
10,4,-7,0,3,3
11,9,-8,0,3,0
21,1,-7,3,0,7
10,7,-7,0,6,1
8,10,-8,0,8,0
14,2,-7,0,0,13
16,6,-7,3,0,2
15,5,7,8,4,6
6,9,7,0,4,0
13,3,-7,3,1,12
6,4,-7,0,2,0
10,5,-6,0,11,4
4,9,-5,0,9,0
15,9,-8,0,3,2
6,4,-4,7,52,0
7,2,-5,3,16,9
5,10,6,0,35,0
7,9,-6,0,11,0
6,4,7,1,5,0
15,4,7,2,0,19
21,1,6,9,0,9
15,10,8,1,15,1
7,10,7,0,15,0
19,8,7,0,0,4
6,5,-6,0,4,0
6,6,-7,0,1,0
11,5,-6,1,11,3
11,8,8,0,2,0
10,1,-6,0,26,0
4,1,-5,0,7,0
8,7,9,0,1,0
5,2,-5,0,10,4
5,8,-7,0,3,0
20,9,-8,0,0,9
20,1,-9,0,1,1
7,6,7,0,12,0
21,6,8,0,0,1
20,3,8,0,0,5
21,5,6,0,0,22
11,6,9,0,2,0
20,2,8,0,0,2
8,8,10,0,2,0
11,8,10,0,1,0
14,3,10,0,0,2
10,3,11,0,0,1
10,5,7,0,16,2
20,5,8,0,0,6
5,5,-6,0,6,0
21,5,-8,0,0,3
7,9,6,0,22,0
14,8,8,0,4,3
21,5,8,0,0,4
11,2,-6,1,2,11
5,1,6,0,8,0
5,7,6,0,15,0
21,7,7,0,0,3
5,4,-4,0,38,0
19,7,7,0,0,11
11,1,8,0,3,0
5,10,-8,0,3,0
6,5,-8,0,1,0
6,10,-7,0,6,0
10,10,-8,0,10,0
19,7,-9,0,0,1
20,6,-9,0,0,1
11,9,-9,0,1,0
13,9,-9,0,1,1
9,9,7,0,10,0
5,10,8,0,5,0
13,6,8,1,7,2
14,10,8,0,8,5
11,10,9,0,4,0
17,3,7,0,0,11
11,4,8,1,1,1
19,2,-7,0,0,10
20,7,-9,0,0,4
21,10,-11,0,0,1
17,4,-11,0,0,1
12,4,-11,0,0,2
15,4,-11,0,0,1
8,5,7,3,11,0
13,7,8,0,4,0
14,1,-7,1,18,2
18,1,-8,1,1,4
4,9,6,0,7,0
19,4,-8,0,0,5
7,1,-8,0,1,0
5,7,-7,0,2,0
21,2,-9,0,0,2
4,10,-7,0,2,0
11,6,-7,1,5,1
6,7,-7,0,5,0
16,9,-8,1,3,2
18,5,8,0,0,4
16,5,8,1,0,4
4,7,7,0,3,0
5,2,7,0,5,0
11,9,8,0,5,0
19,10,-9,1,2,4
12,8,-7,3,18,3
17,3,-8,0,0,3
12,9,-8,1,3,1
10,2,9,2,0,0
14,7,-8,1,0,2
14,6,7,1,5,5
6,1,-5,0,25,0
18,7,-9,0,0,4
4,2,8,0,1,0
18,1,8,1,2,1
20,9,7,0,0,10
8,2,-6,2,4,4
20,2,-7,0,0,21
13,7,-8,0,6,3
6,2,-5,0,12,0
16,6,8,3,0,3
19,9,8,1,0,1
21,9,-8,0,0,3
11,1,-7,0,9,0
6,8,-7,0,3,0
6,3,-7,0,2,0
16,10,-8,1,6,9
9,7,-8,1,2,0
5,10,-7,0,6,0
5,10,7,0,8,0
12,9,7,1,14,3
14,10,-10,0,2,0
17,4,6,0,0,57
12,3,8,2,5,5
19,7,-6,0,0,32
8,7,-8,0,2,0
7,9,8,0,4,0
18,7,7,0,0,3
21,6,6,0,0,19
16,8,7,0,12,2
7,6,8,0,5,0
13,9,9,0,3,0
17,3,10,0,0,1
15,5,10,0,0,1
11,2,7,2,9,9
5,7,-5,0,16,0
20,4,-9,0,0,1
15,6,-8,0,3,3
9,6,-8,0,2,1
15,9,7,0,9,2
9,1,7,0,10,0
10,8,7,0,5,0
16,8,-7,0,7,10
17,7,-8,1,0,4
5,9,-7,0,2,0
10,1,-7,0,9,0
10,7,-8,0,0,1
13,4,-7,2,2,9
20,3,-8,0,0,7
17,7,8,2,2,1
12,4,9,0,0,1
4,8,5,0,17,0
16,9,8,0,3,1
15,8,-7,0,8,4
4,3,5,0,8,0
6,10,7,0,15,0
18,10,-9,2,1,5
4,1,5,0,14,0
8,1,7,0,9,0
13,3,9,1,0,1
20,10,-9,3,0,5
10,10,-9,0,3,0
18,7,-10,0,0,1
11,10,-9,0,1,0
20,8,-10,0,0,1
20,4,-11,0,0,1
4,7,-5,0,12,0
10,9,8,0,6,0
17,10,8,0,7,4
5,9,8,0,1,0
19,2,9,0,0,1
9,2,-6,1,9,3
13,8,7,1,11,4
14,7,9,0,2,0
11,3,-6,1,6,6
14,6,8,0,3,2
4,5,-4,0,16,0
6,1,-6,0,11,0
10,5,-8,0,1,1
14,7,-9,0,3,1
10,4,8,1,1,1
12,9,9,1,3,0
20,6,7,0,0,12
16,6,9,2,0,1
14,4,8,3,2,1
7,8,9,0,2,0
7,4,-7,0,2,0
15,2,-7,0,0,10
18,10,8,2,3,7
15,1,8,0,2,1
11,3,10,0,0,1
8,9,11,0,1,0
6,9,-6,0,8,0
13,5,-7,1,6,7
19,3,8,0,0,6
16,4,8,0,0,7
5,3,-5,1,18,0
10,9,-7,0,8,0
4,2,-4,2,14,0
16,8,8,1,4,3
12,6,-8,0,4,1
10,1,-8,0,2,0
13,5,-8,0,0,4
6,5,-7,0,2,0
5,2,6,1,11,1
6,4,8,0,1,0
11,8,7,1,11,0
16,10,8,1,5,4
19,2,7,0,0,10
10,5,8,0,3,3
16,3,8,0,0,4
21,3,8,0,0,4
13,2,8,1,0,10
6,1,7,0,5,0
8,3,7,2,11,1
17,1,-8,0,3,1
15,7,-9,1,1,1
14,2,-9,0,0,2
8,5,-8,0,2,0
5,3,-7,0,1,0
12,1,-9,0,1,0
14,6,-10,0,2,0
19,10,-11,0,1,0
9,9,9,0,1,0
4,7,5,0,9,0
8,4,8,0,2,1
16,4,9,0,0,3
12,8,9,0,1,1
18,2,8,0,0,4
16,1,8,1,4,0
6,8,9,0,1,0
8,10,10,0,1,0
9,2,7,1,3,7
15,7,8,1,3,2
19,2,8,0,0,3
9,10,9,0,3,0
6,6,7,0,5,0
11,7,-7,0,0,2
14,8,-8,1,2,2
10,9,-8,0,1,0
8,5,-6,0,4,1
8,4,7,3,11,1
16,6,-8,1,0,1
12,2,-8,1,1,1
9,2,8,0,2,1
9,10,-8,0,12,0
8,6,-8,1,1,0
4,4,6,0,5,0
18,3,7,0,0,11
21,4,-8,0,0,3
6,2,-8,0,1,0
21,7,-8,0,0,4
4,3,8,0,2,0
18,4,9,0,0,2
20,1,9,1,2,0
17,2,10,0,0,1
17,2,8,0,0,7
4,5,-5,0,7,0
6,3,6,1,16,0
9,6,-7,1,1,0
21,6,-8,0,0,5
6,9,6,0,19,0
18,6,7,0,0,13
5,9,-6,0,7,0
10,8,8,0,5,0
20,4,-8,0,0,4
12,10,-9,0,6,0
20,7,-10,0,0,1
14,2,-10,0,0,1
8,4,-10,0,1,0
15,3,-8,0,0,1
5,2,-6,0,4,0
17,10,-9,0,1,1
13,8,8,0,5,0
5,2,8,0,1,0
7,5,-6,0,6,0
9,9,-7,0,5,0
7,10,8,0,4,0
8,1,9,0,1,0
20,5,9,0,0,4
15,3,9,0,0,2
18,8,9,1,0,0
4,1,7,0,1,0
12,3,9,0,1,0
20,3,9,0,0,5
15,10,-9,0,2,0
16,10,-10,0,1,1
8,5,-5,0,18,1
7,6,-6,0,8,0
21,3,7,0,0,3
17,4,8,0,0,3
8,6,9,1,2,0
20,10,9,2,0,1
12,4,8,0,9,1
8,3,9,0,2,0
7,4,7,1,8,0
11,3,8,0,4,3
17,8,8,1,1,0
14,1,9,0,1,0
18,7,8,1,0,5
8,9,7,0,5,0
12,7,8,0,3,2
8,8,7,0,8,0
17,3,8,0,0,6
5,1,9,0,1,0
10,3,-7,0,2,4
18,2,-8,0,0,5
15,9,-9,1,0,0
11,5,7,0,4,4
11,10,8,0,10,0
18,8,8,3,0,4
8,8,8,0,3,0
6,1,8,0,2,0
8,3,8,0,2,1
15,5,9,0,0,1
17,4,-9,0,0,5
17,9,8,0,1,2
8,7,8,0,3,0
6,7,-6,0,6,0
17,5,8,0,0,6
16,3,-8,0,0,7
14,6,-8,0,1,1
17,9,-8,0,1,1
5,6,-7,0,1,0
17,8,-8,1,1,2
7,9,-7,0,3,0
6,6,8,0,4,0
21,9,-10,0,0,1
15,1,-11,0,1,0
18,4,-11,0,0,1
13,2,-11,0,0,1
12,10,-11,0,1,0
15,8,-11,0,1,0
16,9,-9,0,1,1
9,8,-8,0,3,0
21,10,8,1,0,3
21,6,7,0,0,2
4,9,5,0,14,0
9,8,-7,0,1,0
9,7,-7,0,2,0
11,8,-7,1,3,0
11,8,-8,0,3,1
4,3,7,0,2,0
9,7,8,0,5,0
5,4,-6,0,5,0
9,7,7,0,10,0
7,10,9,0,3,0
6,5,7,0,2,0
7,8,8,0,1,0
4,7,-6,0,2,0
14,5,9,0,1,0
14,10,9,0,7,1
12,5,8,0,3,1
5,4,-7,0,2,0
14,8,9,0,0,1
8,9,8,0,2,0
14,4,-7,4,0,6
8,4,-8,0,1,1
13,1,8,0,3,0
21,1,7,2,0,2
15,4,9,0,0,3
18,4,10,0,0,1
14,6,10,0,1,0
20,2,10,0,0,1
12,1,10,1,2,0
21,6,9,0,0,1
15,8,10,0,1,1
14,9,10,0,0,1
13,10,10,0,2,0
19,5,-8,0,0,2
20,5,-8,0,0,6
13,10,-10,0,1,1
14,2,-8,0,0,2
18,5,-8,0,0,3
21,2,-7,0,0,8
5,7,7,0,7,0
6,2,7,1,1,0
17,4,9,0,0,1
12,10,9,0,4,0
12,3,-8,0,2,2
5,9,-9,0,1,0
14,1,-8,2,0,0
10,3,-8,0,0,2
20,8,-9,0,0,3
17,8,-9,0,1,0
11,4,9,0,2,0
6,7,7,0,3,0
21,2,8,0,0,2
11,7,9,0,2,0
4,6,7,0,5,0
15,8,8,0,1,2
14,9,-8,0,1,1
15,5,8,4,1,1
12,4,-8,1,1,4
9,1,-8,0,6,0
4,1,-8,0,2,0
9,5,-8,0,0,1
15,6,9,0,1,0
14,4,9,2,0,0
21,2,9,0,0,2
10,1,8,0,2,0
20,1,8,0,1,2
9,3,9,0,2,0
16,2,-8,0,0,3
18,5,9,0,0,3
6,10,10,0,1,0
10,5,-7,0,2,1
21,5,-9,0,0,3
19,9,-8,0,0,3
21,3,-8,0,0,1
17,4,-8,0,0,6
19,2,-9,0,0,3
11,5,10,0,1,0
15,9,9,0,2,0
17,4,10,0,0,1
10,7,8,1,4,0
18,3,9,0,0,2
11,5,9,0,2,0
11,2,10,0,0,1
16,2,10,0,0,1
20,10,10,0,0,1
13,9,10,0,1,0
17,9,-9,1,0,1
9,3,-8,0,0,1
7,4,-6,1,8,0
5,5,7,0,2,0
9,10,8,0,9,0
6,8,7,0,8,0
6,8,8,0,1,0
14,2,9,0,0,2
18,10,9,1,1,1
13,2,9,0,0,3
14,8,10,1,0,0
20,9,10,0,0,2
8,7,10,0,1,0
5,6,-6,0,3,0
4,3,-6,0,1,0
7,5,7,0,8,0
4,1,-6,0,2,0
9,4,9,0,1,0
11,6,-8,0,0,1
11,3,-8,0,0,2
8,9,9,0,1,0
7,10,-8,0,4,0
18,3,-9,0,0,1
8,8,-8,0,2,0
8,1,-8,0,3,0
21,4,-9,0,0,2
16,3,-10,0,0,1
18,9,-8,2,1,0
6,10,-9,0,1,0
20,10,-10,0,0,2
4,4,-9,0,1,0
7,5,-9,0,1,0
15,5,-9,0,1,0
13,9,8,0,3,2
5,2,9,0,1,0
15,1,-8,0,5,2
5,1,7,0,2,0
13,4,8,1,1,5
16,8,-8,0,3,2
13,6,-8,0,2,4
4,5,6,0,6,0
7,2,8,0,3,0
12,5,9,0,3,0
17,8,10,0,0,1
18,9,8,0,0,1
5,4,7,0,5,0
14,4,-8,0,0,3
17,6,-8,0,0,2
17,1,9,0,0,1
20,4,9,0,0,1
14,1,-10,0,2,0
20,10,-11,0,0,1
15,10,-12,0,1,0
4,5,7,0,3,0
7,1,8,0,2,0
13,8,9,0,1,0
4,9,-6,0,1,0
14,10,-9,1,2,1
7,3,8,0,5,0
4,5,-6,0,2,0
20,6,-8,0,0,4
12,3,-9,0,0,1
20,2,-9,0,0,1
6,6,-6,0,2,0
4,1,-7,0,2,0
18,3,-8,0,0,2
12,8,8,0,2,0
4,5,-7,0,3,0
12,2,-9,0,0,1
17,5,-8,0,0,4
7,10,10,0,1,0
16,1,-8,0,0,2
4,2,-5,3,4,0
14,3,9,1,0,0
20,4,8,0,0,6
7,2,-7,0,2,0
18,8,-9,0,0,2
7,1,-9,0,1,0
19,10,-10,0,0,1
12,10,-10,0,4,0
18,10,-10,1,1,1
18,10,-11,0,0,1
13,7,9,0,1,0
13,4,9,0,1,2
10,9,10,0,1,0
19,10,9,0,2,0
11,2,-8,0,0,3
4,7,-7,0,1,0
9,1,8,0,2,0
9,9,8,0,3,0
17,10,9,0,2,1
8,3,-7,0,2,0
21,8,-8,0,0,2
6,1,-7,0,2,0
5,8,7,0,3,0
10,1,7,0,3,0
10,8,-8,0,1,0
9,10,10,0,2,0
19,1,10,0,0,1
21,4,11,0,0,1
4,8,-5,0,5,0
11,3,-7,0,1,1
8,8,-7,0,3,0
20,7,8,0,0,2
4,8,-7,0,1,0
5,4,8,0,2,0
21,8,8,0,0,1
21,8,-9,0,0,2
8,5,8,0,1,0
19,6,-8,0,0,2
5,3,7,0,2,0
13,3,-8,1,0,2
9,2,-8,1,1,2
15,2,-9,0,0,2
16,10,-9,1,2,0
8,10,-9,0,2,0
5,5,8,0,1,0
18,6,-9,0,0,1
10,6,8,0,5,0
9,5,8,0,4,0
21,3,-9,0,0,1
20,9,9,0,0,1
17,7,9,1,0,0
19,1,-10,0,1,0
16,2,11,0,0,1
11,1,-8,0,1,0
14,5,-9,0,1,1
12,4,-10,1,0,0
11,9,-10,0,1,0
11,6,8,0,4,0
11,1,9,0,1,0
9,1,-7,0,4,0
20,3,-9,0,0,1
11,10,-10,0,1,0
18,9,-10,0,1,0
7,4,8,0,2,0
4,10,-8,0,1,0
6,3,-8,0,1,0
16,5,-8,0,0,3
12,9,-9,0,1,0
8,2,8,0,1,0
18,6,8,0,0,1
11,8,9,0,0,1
15,3,10,0,0,1
16,10,9,0,2,0
10,1,9,0,1,0
9,6,9,0,2,0
6,10,-8,0,1,0
4,5,-8,0,1,0
14,1,-9,0,1,0
4,9,8,0,1,0
16,3,-9,0,0,2
7,7,8,0,1,0
11,3,9,0,0,1
6,3,8,0,1,0
7,5,10,0,1,0
16,7,9,0,1,1
12,7,9,0,1,0
21,4,8,0,0,2
19,7,9,0,0,1
20,1,-10,0,0,1
19,5,-10,0,0,1
15,3,-11,0,0,1
15,7,-11,1,0,0
18,5,-11,0,0,1
8,8,-10,0,1,0
15,8,-9,0,1,0
17,10,-10,0,1,0
7,2,9,0,2,0
16,5,10,0,0,1
15,6,10,0,0,1
17,9,9,0,0,1
10,7,10,0,1,0
19,10,10,1,0,0
12,4,-9,0,0,1
7,6,-8,0,2,0
5,5,9,0,1,0
10,3,9,0,1,0
20,2,9,0,0,2
20,9,-9,0,0,1
14,9,-9,0,2,0
18,9,9,0,0,2
21,9,8,0,0,2
12,9,10,0,1,0
11,10,10,0,2,0
6,7,-8,0,1,0
18,1,-10,0,1,0
9,3,-9,0,0,1
7,6,-7,0,2,0
7,5,8,0,2,0
4,10,8,0,1,0
14,2,10,0,0,1
15,2,10,0,0,1
10,1,10,0,1,0
10,4,9,0,1,0
7,1,10,0,1,0
7,8,-7,0,1,0
10,6,9,0,1,0
19,3,9,0,0,1
14,9,-10,1,0,0
17,6,8,0,0,1
16,9,9,0,1,0
10,6,10,0,1,0
15,7,10,0,1,0
19,5,8,0,0,1
15,3,-10,0,0,1
7,5,-7,0,2,0
18,4,-8,0,0,1
10,8,10,0,1,0
13,8,-9,0,1,1
17,2,-8,0,0,1
9,1,-9,0,1,0
19,1,-11,0,0,1
10,10,-10,0,1,0
11,5,-9,0,1,0
10,4,-9,0,1,0
19,9,-9,1,0,0
16,9,-10,1,0,0
16,1,-10,0,0,1
10,8,-9,0,1,0
5,1,-7,0,1,0
12,5,-9,1,0,0
21,6,-10,0,0,1
10,5,9,0,0,1
14,10,10,0,1,0
4,4,-6,0,1,0
15,1,-10,0,1,0
8,3,-8,1,0,0
4,2,-6,0,1,0
18,7,9,0,0,1
19,1,9,0,0,1
5,4,9,0,1,0
18,2,-9,0,0,1
18,2,9,0,0,1
13,8,-8,0,1,0
8,8,9,0,1,0
19,8,-10,0,0,1
10,2,8,0,0,1
5,1,-8,0,1,0
